Departement,Fromage,page_francaise,english_page,Lait
Allier,Charolais,http://fr.wikipedia.org/wiki/Charolais_%28fromage%29,,Chèvre
Lot,Bleu du Quercy,http://fr.wikipedia.org/wiki/Bleu_du_Quercy,,Vache
Réunion,Cap Noir,http://fr.wikipedia.org/wiki/Cap_Noir_%28fromage%29,,Vache
Savoie,Persillé des Aravis,http://fr.wikipedia.org/wiki/Persill%C3%A9_des_Aravis,,Chèvre
Saône-et-Loire,Bouton de Culotte,http://fr.wikipedia.org/wiki/Bouton_de_Culotte,,Chèvre
Yonne,Brie de Melun,http://fr.wikipedia.org/wiki/Brie_de_Melun,,Vache
Tarn,Pérail,http://fr.wikipedia.org/wiki/P%C3%A9rail,http://en.wikipedia.org/wiki/Perail,Brebis
Seine-Maritime,Pont-l'évêque,http://fr.wikipedia.org/wiki/Pont-l%27%C3%A9v%C3%AAque_%28fromage%29,http://en.wikipedia.org/wiki/Pont-l%27%C3%89v%C3%AAque_cheese,Vache
Morbihan,Trappiste de Campénéac,http://fr.wikipedia.org/wiki/Trappiste_de_Camp%C3%A9n%C3%A9ac,,Vache
Ain,Comté,http://fr.wikipedia.org/wiki/Comt%C3%A9_%28fromage%29,http://en.wikipedia.org/wiki/Comt%C3%A9_cheese,Vache
Corrèze,Pavé corrézien,http://fr.wikipedia.org/wiki/Pav%C3%A9_corr%C3%A9zien,,Vache
Jura,Bleu de Gex,http://fr.wikipedia.org/wiki/Bleu_de_Gex,http://en.wikipedia.org/wiki/Bleu_de_Gex,Vache
Savoie,Tome des Bauges,http://fr.wikipedia.org/wiki/Tome_des_Bauges,,Vache
Savoie,Abbaye de Tamié,http://fr.wikipedia.org/wiki/Abbaye_de_Tami%C3%A9_%28fromage%29,http://en.wikipedia.org/wiki/Abbaye_de_Tami%C3%A9,Vache
Tarn,Pélardon,http://fr.wikipedia.org/wiki/P%C3%A9lardon,http://en.wikipedia.org/wiki/P%C3%A9lardon,Chèvre
Aveyron,Roquefort,http://fr.wikipedia.org/wiki/Roquefort_%28fromage%29,http://en.wikipedia.org/wiki/Roquefort,Brebis
Bas-Rhin,Munster,http://fr.wikipedia.org/wiki/Munster_%28fromage%29,http://en.wikipedia.org/wiki/Munster_cheese,Vache
Meurthe-et-Moselle,Munster,http://fr.wikipedia.org/wiki/Munster_%28fromage%29,http://en.wikipedia.org/wiki/Munster_cheese,Vache
Ain,Clon,http://fr.wikipedia.org/wiki/Clon,,Vache
Ardèche,Chèvreton,http://fr.wikipedia.org/wiki/Ch%C3%A8vreton,,Chèvre
Cantal,Carré d'Aurillac,http://fr.wikipedia.org/wiki/Carr%C3%A9_d%27Aurillac,http://en.wikipedia.org/wiki/Carr%C3%A9_d%27Aurillac,Vache
Côte-d'Or,Affidélice,http://fr.wikipedia.org/wiki/Affid%C3%A9lice,,Vache
Indre,Pouligny-saint-pierre,http://fr.wikipedia.org/wiki/Pouligny-saint-pierre_%28fromage%29,http://en.wikipedia.org/wiki/Pouligny-Saint-Pierre_cheese,Chèvre
Indre-et-Loire,Couronne Lochoise,http://fr.wikipedia.org/wiki/Couronne_Lochoise,http://en.wikipedia.org/wiki/Couronne_lochoise,Chèvre
Morbihan,Abbaye de la Joie Notre-Dame,http://fr.wikipedia.org/wiki/Abbaye_de_la_Joie_Notre-Dame_%28fromage%29,,Vache
Oise,Tomme au foin,http://fr.wikipedia.org/wiki/Tomme_au_foin,,Vache
Puy-de-Dôme,Le Lavort,http://fr.wikipedia.org/wiki/Le_Lavort,,Brebis
Réunion,Takamaka,http://fr.wikipedia.org/wiki/Takamaka_%28fromage%29,,Chèvre
Savoie,Avalin,http://fr.wikipedia.org/wiki/Avalin,,Vache
Haute-Marne,Brie de Meaux,http://fr.wikipedia.org/wiki/Brie_de_Meaux,http://en.wikipedia.org/wiki/Brie_de_Meaux,Vache
Drôme,Foudjou,http://fr.wikipedia.org/wiki/Foudjou,,Chèvre
Rhône,Arôme de Lyon,http://fr.wikipedia.org/wiki/Ar%C3%B4me_de_Lyon,,Vache
Aveyron,Pérail,http://fr.wikipedia.org/wiki/P%C3%A9rail,http://en.wikipedia.org/wiki/Perail,Brebis
Haute-Loire,Rochebaron,http://fr.wikipedia.org/wiki/Rochebaron,http://en.wikipedia.org/wiki/Rochebaron,Vache
Charente-Maritime,Jonchée,http://fr.wikipedia.org/wiki/Jonch%C3%A9e_%28fromage%29,,Vache
Charente-Maritime,Tricorne de Marans,http://fr.wikipedia.org/wiki/Tricorne_de_Marans,,Brebis
Côte-d'Or,L'Ami du Chambertin,http://fr.wikipedia.org/wiki/L%27Ami_du_Chambertin,,Vache
Eure,Le Pavé du Plessis,http://fr.wikipedia.org/wiki/Le_Pav%C3%A9_du_Plessis,,Vache
Isère,Bleu de Lavaldens,http://fr.wikipedia.org/wiki/Bleu_de_Lavaldens,,Vache
Nord,Le Rouchi à l'échalote,http://fr.wikipedia.org/wiki/Le_Rouchi_%C3%A0_l%27%C3%A9chalote,,Vache
Pas-de-Calais,Crémet du Cap Blanc Nez,http://fr.wikipedia.org/wiki/Cr%C3%A9met_du_Cap_Blanc_Nez,,Vache
Pas-de-Calais,Le Sire de Créquy,http://fr.wikipedia.org/wiki/Le_Sire_de_Cr%C3%A9quy,,Vache
Sarthe,Kiri,http://fr.wikipedia.org/wiki/Kiri_%28marque%29,,Vache
Eure,Pont-l'évêque,http://fr.wikipedia.org/wiki/Pont-l%27%C3%A9v%C3%AAque_%28fromage%29,http://en.wikipedia.org/wiki/Pont-l%27%C3%89v%C3%AAque_cheese,Vache
Territoire de Belfort,Gruyère français,http://fr.wikipedia.org/wiki/Gruy%C3%A8re_fran%C3%A7ais,,Vache
Dordogne,Chaumes,http://fr.wikipedia.org/wiki/Chaumes,http://en.wikipedia.org/wiki/Chaumes,Vache
Cantal,Laguiole,http://fr.wikipedia.org/wiki/Laguiole_%28fromage%29,http://en.wikipedia.org/wiki/Laguiole_cheese,Vache
Haute-Saône,Gruyère français,http://fr.wikipedia.org/wiki/Gruy%C3%A8re_fran%C3%A7ais,,Vache
Maine-et-Loire,Chaussée aux moines,http://fr.wikipedia.org/wiki/Chauss%C3%A9e_aux_moines,,Vache
Seine-Maritime,Le Graval,http://fr.wikipedia.org/wiki/Le_Graval,,Vache
Saône-et-Loire,Gruyère français,http://fr.wikipedia.org/wiki/Gruy%C3%A8re_fran%C3%A7ais,,Vache
Côte-d'Or,Époisses,http://fr.wikipedia.org/wiki/%C3%89poisses_%28fromage%29,http://en.wikipedia.org/wiki/%C3%89poisses_de_Bourgogne,Vache
Vosges,Gruyère français,http://fr.wikipedia.org/wiki/Gruy%C3%A8re_fran%C3%A7ais,,Vache
Ardèche,Le Coucouron,http://fr.wikipedia.org/wiki/Le_Coucouron,,Vache
Landes,Amou,http://fr.wikipedia.org/wiki/Amou_%28fromage%29,,Brebis
Lozère,Rebarbe,http://fr.wikipedia.org/wiki/Rebarbe,,Brebis
Saône-et-Loire,Mâconnais,http://fr.wikipedia.org/wiki/M%C3%A2connais_%28fromage%29,http://en.wikipedia.org/wiki/M%C3%A2connais_cheese,Chèvre
Loiret,Crottin de Chavignol,http://fr.wikipedia.org/wiki/Crottin_de_Chavignol,http://en.wikipedia.org/wiki/Crottin_de_Chavignol,Chèvre
Puy-de-Dôme,Fourme d'Ambert,http://fr.wikipedia.org/wiki/Fourme_d%27Ambert,http://en.wikipedia.org/wiki/Fourme_d%27Ambert,Vache
Ain,Morbier,http://fr.wikipedia.org/wiki/Morbier_%28fromage%29,http://en.wikipedia.org/wiki/Morbier_cheese,Vache
Jura,Morbier,http://fr.wikipedia.org/wiki/Morbier_%28fromage%29,http://en.wikipedia.org/wiki/Morbier_cheese,Vache
Ain,Chevret du Haut-Jura,http://fr.wikipedia.org/wiki/Chevret_du_Haut-Jura,,Vache
Savoie,Moelleux du Revard,http://fr.wikipedia.org/wiki/Moelleux_du_Revard,,Vache
Aube,Chaource,http://fr.wikipedia.org/wiki/Chaource_%28fromage%29,http://en.wikipedia.org/wiki/Chaource_cheese,Vache
Puy-de-Dôme,Bleu d'Auvergne,http://fr.wikipedia.org/wiki/Bleu_d%27Auvergne,http://en.wikipedia.org/wiki/Bleu_d%27Auvergne,Vache
Aveyron,Gabriel Coulet,http://fr.wikipedia.org/wiki/Gabriel_Coulet_%28marque%29,,Brebis
Allier,Chambérat,http://fr.wikipedia.org/wiki/Chamb%C3%A9rat_%28fromage%29,,Vache
Calvados,Pavé d'Auge,http://fr.wikipedia.org/wiki/Pav%C3%A9_d%27Auge,,Vache
Manche,Coutances,http://fr.wikipedia.org/wiki/Coutances_%28marque%29,http://en.wikipedia.org/wiki/Coutances_cheese,Vache
Réunion,La Petite Raclette,http://fr.wikipedia.org/wiki/La_Petite_Raclette,,Vache
Seine-et-Marne,Fontainebleau,http://fr.wikipedia.org/wiki/Fontainebleau_%28dessert%29,,Vache
Cantal,Salers,http://fr.wikipedia.org/wiki/Salers_%28fromage%29,http://en.wikipedia.org/wiki/Salers_cheese,Vache
Puy-de-Dôme,Saint-nectaire,http://fr.wikipedia.org/wiki/Saint-nectaire_%28fromage%29,http://en.wikipedia.org/wiki/Saint-Nectaire,Vache
Cher,Crottin de Chavignol,http://fr.wikipedia.org/wiki/Crottin_de_Chavignol,http://en.wikipedia.org/wiki/Crottin_de_Chavignol,Chèvre
Loire-Atlantique,Gourmelin,http://fr.wikipedia.org/wiki/Gourmelin_%28fromage%29,,Vache
Loire-Atlantique,Saint-gildas-des-bois,http://fr.wikipedia.org/wiki/Saint-gildas-des-bois_%28fromage%29,,Vache
Saône-et-Loire,Morbier,http://fr.wikipedia.org/wiki/Morbier_%28fromage%29,http://en.wikipedia.org/wiki/Morbier_cheese,Vache
Rhône,Rigotte de Condrieu,http://fr.wikipedia.org/wiki/Rigotte_de_Condrieu,http://en.wikipedia.org/wiki/Rigotte_de_Condrieu,Chèvre
Haute-Corse,A Filetta,http://fr.wikipedia.org/wiki/A_Filetta_%28marque%29,,Brebis
Nord,Baguette paysanne à la moutarde,http://fr.wikipedia.org/wiki/Baguette_paysanne_%C3%A0_la_moutarde,,Vache
Réunion,La Fournaise,http://fr.wikipedia.org/wiki/La_Fournaise_%28fromage%29,,Vache
Vienne,Mottin charentais,http://fr.wikipedia.org/wiki/Mottin_charentais,http://en.wikipedia.org/wiki/Mottin_charentais,Vache
Lozère,Bleu des Causses,http://fr.wikipedia.org/wiki/Bleu_des_Causses,http://en.wikipedia.org/wiki/Bleu_des_Causses,Vache
Pas-de-Calais,Rollot,http://fr.wikipedia.org/wiki/Rollot_%28fromage%29,,Vache
Mayenne,Pont-l'évêque,http://fr.wikipedia.org/wiki/Pont-l%27%C3%A9v%C3%AAque_%28fromage%29,http://en.wikipedia.org/wiki/Pont-l%27%C3%89v%C3%AAque_cheese,Vache
Manche,Pont-l'évêque,http://fr.wikipedia.org/wiki/Pont-l%27%C3%A9v%C3%AAque_%28fromage%29,http://en.wikipedia.org/wiki/Pont-l%27%C3%89v%C3%AAque_cheese,Vache
Orne,Le Rustique,http://fr.wikipedia.org/wiki/Le_Rustique,http://en.wikipedia.org/wiki/Le_Rustique,Vache
Allier,Bessay,http://fr.wikipedia.org/wiki/Bessay_%28fromage%29,,Vache
Calvados,Carré de Bonneville,http://fr.wikipedia.org/wiki/Carr%C3%A9_de_Bonneville,,Vache
Haute-Loire,Tomme de Montagne,http://fr.wikipedia.org/wiki/Tomme_de_Montagne,,Vache
Réunion,Ti frais des Hauts,http://fr.wikipedia.org/wiki/Ti_frais_des_Hauts,,Vache
Savoie,Abondance,http://fr.wikipedia.org/wiki/Abondance_%28fromage%29,http://en.wikipedia.org/wiki/Abondance_cheese,Vache
Dordogne,Trappe Échourgnac,http://fr.wikipedia.org/wiki/Trappe_%C3%89chourgnac,,Vache
Haute-Corse,Brin d'amour,http://fr.wikipedia.org/wiki/Brin_d%27amour,,Brebis
Hérault,Pélardon,http://fr.wikipedia.org/wiki/P%C3%A9lardon,http://en.wikipedia.org/wiki/P%C3%A9lardon,Chèvre
Loiret,Patay,http://fr.wikipedia.org/wiki/Patay_%28fromage%29,,Vache
Puy-de-Dôme,Bleu de Laqueuille,http://fr.wikipedia.org/wiki/Bleu_de_Laqueuille,,Vache
Rhône,Mâconnais,http://fr.wikipedia.org/wiki/M%C3%A2connais_%28fromage%29,http://en.wikipedia.org/wiki/M%C3%A2connais_cheese,Chèvre
Seine-Maritime,Bouille,http://fr.wikipedia.org/wiki/Bouille_%28fromage%29,,Vache
Haute-Loire,Fromage aux artisons,http://fr.wikipedia.org/wiki/Fromage_aux_artisons,,Vache
Seine-et-Marne,Brie de Meaux,http://fr.wikipedia.org/wiki/Brie_de_Meaux,http://en.wikipedia.org/wiki/Brie_de_Meaux,Vache
Loire,Fourme de Montbrison,http://fr.wikipedia.org/wiki/Fourme_de_Montbrison,http://en.wikipedia.org/wiki/Fourme_de_Montbrison,Vache
Aude,Pélardon,http://fr.wikipedia.org/wiki/P%C3%A9lardon,http://en.wikipedia.org/wiki/P%C3%A9lardon,Chèvre
Seine-et-Marne,Brie de Melun,http://fr.wikipedia.org/wiki/Brie_de_Melun,,Vache
Drôme,Bleu du Vercors-Sassenage,http://fr.wikipedia.org/wiki/Bleu_du_Vercors-Sassenage,http://en.wikipedia.org/wiki/Bleu_du_Vercors-Sassenage,Vache
Isère,Bleu du Vercors-Sassenage,http://fr.wikipedia.org/wiki/Bleu_du_Vercors-Sassenage,http://en.wikipedia.org/wiki/Bleu_du_Vercors-Sassenage,Vache
Pyrénées-Atlantiques,P'tit Basque,http://fr.wikipedia.org/wiki/P%27tit_Basque,http://en.wikipedia.org/wiki/P%27tit_Basque,Brebis
Calvados,Pont-l'évêque,http://fr.wikipedia.org/wiki/Pont-l%27%C3%A9v%C3%AAque_%28fromage%29,http://en.wikipedia.org/wiki/Pont-l%27%C3%89v%C3%AAque_cheese,Vache
Corrèze,Bleu d'Auvergne,http://fr.wikipedia.org/wiki/Bleu_d%27Auvergne,http://en.wikipedia.org/wiki/Bleu_d%27Auvergne,Vache
Côte-d'Or,Le Trou du Cru,http://fr.wikipedia.org/wiki/Le_Trou_du_Cru,http://en.wikipedia.org/wiki/Trou_du_Cru,Vache
Aisne,Belle des champs,http://fr.wikipedia.org/wiki/Belle_des_champs,,Vache
Ardèche,Saint-félicien,http://fr.wikipedia.org/wiki/Saint-f%C3%A9licien_%28fromage_de_l%27Ard%C3%A8che%29,,Vache
Nord,Dauphin,http://fr.wikipedia.org/wiki/Dauphin_%28fromage%29,,Vache
Loir-et-Cher,Valençay,http://fr.wikipedia.org/wiki/Valen%C3%A7ay_%28fromage%29,http://en.wikipedia.org/wiki/Valen%C3%A7ay_cheese,Chèvre
Nord,Mimolette,http://fr.wikipedia.org/wiki/Mimolette,http://en.wikipedia.org/wiki/Mimolette,Vache
Ain,Bresse Bleu,http://fr.wikipedia.org/wiki/Bresse_Bleu,http://en.wikipedia.org/wiki/Bleu_de_Bresse,Vache
Seine-et-Marne,Coulommiers,http://fr.wikipedia.org/wiki/Coulommiers_%28fromage%29,http://en.wikipedia.org/wiki/Coulommiers_cheese,Vache
Lot,Cabécou,http://fr.wikipedia.org/wiki/Cab%C3%A9cou,http://en.wikipedia.org/wiki/Cab%C3%A9cou,Chèvre
Ain,Pourri bressan,http://fr.wikipedia.org/wiki/Pourri_bressan,,Vache
Haute-Saône,Munster,http://fr.wikipedia.org/wiki/Munster_%28fromage%29,http://en.wikipedia.org/wiki/Munster_cheese,Vache
Loire-Atlantique,Le Curé Nantais,http://fr.wikipedia.org/wiki/Le_Cur%C3%A9_Nantais,,Vache
Puy-de-Dôme,Fourme de Rochefort-Montagne,http://fr.wikipedia.org/wiki/Fourme_de_Rochefort-Montagne,,Vache
Savoie,Bleu du Mont-Cenis,http://fr.wikipedia.org/wiki/Bleu_du_Mont-Cenis,,Vache
Saône-et-Loire,Autun,http://fr.wikipedia.org/wiki/Autun_%28fromage%29,,Chèvre
Seine-et-Marne,Brie de Montereau,http://fr.wikipedia.org/wiki/Brie_de_Montereau,,Vache
Cantal,Tome fraîche,http://fr.wikipedia.org/wiki/Tome_fra%C3%AEche,,Vache
Savoie,Tomme crayeuse,http://fr.wikipedia.org/wiki/Tomme_crayeuse,,Vache
Aveyron,Bleu d'Auvergne,http://fr.wikipedia.org/wiki/Bleu_d%27Auvergne,http://en.wikipedia.org/wiki/Bleu_d%27Auvergne,Vache
Cher,Faisselle,http://fr.wikipedia.org/wiki/Faisselle,,Vache
Orne,Fourmagée,http://fr.wikipedia.org/wiki/Fourmag%C3%A9e,,Vache
Charente-Maritime,Caillebotte,http://fr.wikipedia.org/wiki/Caillebotte_%28fromage%29,,Vache
Savoie,Persillé de Tignes,http://fr.wikipedia.org/wiki/Persill%C3%A9_de_Tignes,,Chèvre
Vosges,Munster,http://fr.wikipedia.org/wiki/Munster_%28fromage%29,http://en.wikipedia.org/wiki/Munster_cheese,Vache
Aveyron,Lou Pérac,http://fr.wikipedia.org/wiki/Lou_P%C3%A9rac,,Brebis
Dordogne,St Môret,http://fr.wikipedia.org/wiki/St_M%C3%B4ret,,Vache
Eure,Pavé d'Auge,http://fr.wikipedia.org/wiki/Pav%C3%A9_d%27Auge,,Vache
Hautes-Alpes,Pic du Vieux Chaillol,http://fr.wikipedia.org/wiki/Pic_du_Vieux_Chaillol_%28fromage%29,,Vache
Réunion,Piton Maïdo,http://fr.wikipedia.org/wiki/Piton_Ma%C3%AFdo_%28fromage%29,,Vache
Savoie,Chevrotin,http://fr.wikipedia.org/wiki/Chevrotin,http://en.wikipedia.org/wiki/Chevrotin,Chèvre
Savoie,Gruyère français,http://fr.wikipedia.org/wiki/Gruy%C3%A8re_fran%C3%A7ais,,Vache
Drôme,Picodon,http://fr.wikipedia.org/wiki/Picodon,http://en.wikipedia.org/wiki/Picodon,Chèvre
Nord,Mont des Cats,http://fr.wikipedia.org/wiki/Mont_des_Cats_%28marque_de_fromage%29,http://en.wikipedia.org/wiki/Mont_des_Cats_cheese,Vache
Cantal,Cantal,http://fr.wikipedia.org/wiki/Cantal_%28fromage%29,http://en.wikipedia.org/wiki/Cantal_cheese,Vache
Nord,Boulette d'Avesnes,http://fr.wikipedia.org/wiki/Boulette_d%27Avesnes,,Vache
Nord,Rollot,http://fr.wikipedia.org/wiki/Rollot_%28fromage%29,,Vache
Loire,Fromager d'Affinois,http://fr.wikipedia.org/wiki/Fromager_d%27Affinois,http://en.wikipedia.org/wiki/Fromager_d%27Affinois,Vache
Puy-de-Dôme,Gaperon,http://fr.wikipedia.org/wiki/Gaperon,http://en.wikipedia.org/wiki/Gaperon,Vache
Loiret,Pithiviers au foin,http://fr.wikipedia.org/wiki/Pithiviers_au_foin,,Vache
Sarthe,Cousteron,http://fr.wikipedia.org/wiki/Cousteron,,Vache
Aude,Tomme des Pyrénées,http://fr.wikipedia.org/wiki/Tomme_des_Pyr%C3%A9n%C3%A9es,http://en.wikipedia.org/wiki/Tomme_des_Pyr%C3%A9n%C3%A9es,Vache
Haute-Marne,Caprice des Dieux,http://fr.wikipedia.org/wiki/Caprice_des_Dieux,,Vache
Ain,Carré Frais,http://fr.wikipedia.org/wiki/Carr%C3%A9_Frais,,Vache
Aveyron,Recuite,http://fr.wikipedia.org/wiki/Recuite,,Brebis
Jura,La Vache qui rit,http://fr.wikipedia.org/wiki/La_Vache_qui_rit,http://en.wikipedia.org/wiki/The_Laughing_Cow,Vache
Orne,Pavé d'Auge,http://fr.wikipedia.org/wiki/Pav%C3%A9_d%27Auge,,Vache
Pas-de-Calais,Ch'ti Crémeux,http://fr.wikipedia.org/wiki/Ch%27ti_Cr%C3%A9meux,,Vache
Pyrénées-Atlantiques,Gaztanbera,http://fr.wikipedia.org/wiki/Gaztanbera,,Brebis
Seine-Maritime,Neufchâtel,http://fr.wikipedia.org/wiki/Neufch%C3%A2tel_%28fromage%29,http://en.wikipedia.org/wiki/Neufch%C3%A2tel_cheese,Vache
Haute-Loire,Bleu d'Auvergne,http://fr.wikipedia.org/wiki/Bleu_d%27Auvergne,http://en.wikipedia.org/wiki/Bleu_d%27Auvergne,Vache
Hautes-Alpes,Tome du Champsaur,http://fr.wikipedia.org/wiki/Tome_du_Champsaur,,Vache
Lozère,Le Fédou,http://fr.wikipedia.org/wiki/Le_F%C3%A9dou,,Brebis
Pas-de-Calais,Pavé aux Algues de Samer,http://fr.wikipedia.org/wiki/Pav%C3%A9_aux_Algues_de_Samer,,Vache
Pas-de-Calais,Trappiste de Belval,http://fr.wikipedia.org/wiki/Trappiste_de_Belval,,Vache
Ain,Bleu de Gex,http://fr.wikipedia.org/wiki/Bleu_de_Gex,http://en.wikipedia.org/wiki/Bleu_de_Gex,Vache
Haute-Marne,Gruyère français,http://fr.wikipedia.org/wiki/Gruy%C3%A8re_fran%C3%A7ais,,Vache
Moselle,Munster,http://fr.wikipedia.org/wiki/Munster_%28fromage%29,http://en.wikipedia.org/wiki/Munster_cheese,Vache
Savoie,Raclette,http://fr.wikipedia.org/wiki/Raclette,http://en.wikipedia.org/wiki/Raclette,Vache
Hautes-Pyrénées,Ossau-iraty,http://fr.wikipedia.org/wiki/Ossau-iraty,http://en.wikipedia.org/wiki/Ossau-Iraty,Brebis
Lozère,Tome fraîche,http://fr.wikipedia.org/wiki/Tome_fra%C3%AEche,,Vache
Savoie,Bleu de Termignon,http://fr.wikipedia.org/wiki/Bleu_de_Termignon,,Vache
Haute-Loire,Saint Agur,http://fr.wikipedia.org/wiki/Saint_Agur,http://en.wikipedia.org/wiki/Saint_Agur_Blue,Vache
Cantal,Bleu de Thiézac,http://fr.wikipedia.org/wiki/Bleu_de_Thi%C3%A9zac,,Vache
Haute-Corse,Corsica,http://fr.wikipedia.org/wiki/Corsica_%28marque%29,,Brebis
Loire-Atlantique,Chandamour,http://fr.wikipedia.org/wiki/Chandamour,,Vache
Loiret,Pannes cendré,http://fr.wikipedia.org/wiki/Pannes_cendr%C3%A9,,Vache
Lot,Rocamadour,http://fr.wikipedia.org/wiki/Rocamadour_%28fromage%29,http://en.wikipedia.org/wiki/Rocamadour_cheese,Chèvre
Réunion,Petit moka,http://fr.wikipedia.org/wiki/Petit_moka,,Vache
Savoie,Fromage aux noix,http://fr.wikipedia.org/wiki/Fromage_aux_noix,,Vache
Lozère,Laguiole,http://fr.wikipedia.org/wiki/Laguiole_%28fromage%29,http://en.wikipedia.org/wiki/Laguiole_cheese,Vache
Pyrénées-Atlantiques,Abbaye de Belloc,http://fr.wikipedia.org/wiki/Abbaye_de_Belloc_%28fromage%29,http://en.wikipedia.org/wiki/Abbaye_de_Belloc,Brebis
Indre,Sainte-Maure de Touraine,http://fr.wikipedia.org/wiki/Sainte-Maure_de_Touraine_%28fromage%29,http://en.wikipedia.org/wiki/Sainte-Maure_de_Touraine,Chèvre
Yonne,Soumaintrain,http://fr.wikipedia.org/wiki/Soumaintrain_%28fromage%29,,Vache
Ariège,Le Rogallais,http://fr.wikipedia.org/wiki/Le_Rogallais,,Vache
Aveyron,Société,http://fr.wikipedia.org/wiki/Soci%C3%A9t%C3%A9_%28marque%29,,Brebis
Ariège,Le Moulis,http://fr.wikipedia.org/wiki/Le_Moulis,,Brebis
Eure-et-Loir,Voves cendré,http://fr.wikipedia.org/wiki/Voves_cendr%C3%A9,,Vache
Loiret,Frinault,http://fr.wikipedia.org/wiki/Frinault,,Vache
Lozère,Bleu d'Auvergne,http://fr.wikipedia.org/wiki/Bleu_d%27Auvergne,http://en.wikipedia.org/wiki/Bleu_d%27Auvergne,Vache
Mayenne,Trappiste de Laval,http://fr.wikipedia.org/wiki/Trappiste_de_Laval,,Vache
Nord,T'chiot biloute,http://fr.wikipedia.org/wiki/T%27chiot_biloute,,Vache
Puy-de-Dôme,Chèvreton,http://fr.wikipedia.org/wiki/Ch%C3%A8vreton,,Chèvre
Réunion,Notre Dame de la Paix,http://fr.wikipedia.org/wiki/Notre_Dame_de_la_Paix,,Vache
Yonne,Abbaye de la Pierre-qui-Vire,http://fr.wikipedia.org/wiki/Abbaye_de_la_Pierre-qui-Vire_%28fromage%29,,Vache
Savoie,Reblochon,http://fr.wikipedia.org/wiki/Reblochon,http://en.wikipedia.org/wiki/Reblochon,Vache
Doubs,Morbier,http://fr.wikipedia.org/wiki/Morbier_%28fromage%29,http://en.wikipedia.org/wiki/Morbier_cheese,Vache
Haut-Rhin,Munster,http://fr.wikipedia.org/wiki/Munster_%28fromage%29,http://en.wikipedia.org/wiki/Munster_cheese,Vache
Savoie,Vacherin des Bauges,http://fr.wikipedia.org/wiki/Vacherin_des_Bauges,,Vache
Loir-et-Cher,Selles-sur-cher,http://fr.wikipedia.org/wiki/Selles-sur-cher_%28fromage%29,http://en.wikipedia.org/wiki/Selles-sur-Cher_cheese,Chèvre
Aube,Soumaintrain,http://fr.wikipedia.org/wiki/Soumaintrain_%28fromage%29,,Vache
Ardennes,Rocroi,http://fr.wikipedia.org/wiki/Rocroi_%28fromage%29,,Vache
Aveyron,Rebarbe,http://fr.wikipedia.org/wiki/Rebarbe,,Brebis
Moselle,Tourrée de l'Aubier,http://fr.wikipedia.org/wiki/Tourr%C3%A9e_de_l%27Aubier,,Vache
Savoie,Grataron du Beaufortain,http://fr.wikipedia.org/wiki/Grataron_du_Beaufortain,,Chèvre
Pyrénées-Atlantiques,Ossau-iraty,http://fr.wikipedia.org/wiki/Ossau-iraty,http://en.wikipedia.org/wiki/Ossau-Iraty,Brebis
Cantal,Bleu d'Auvergne,http://fr.wikipedia.org/wiki/Bleu_d%27Auvergne,http://en.wikipedia.org/wiki/Bleu_d%27Auvergne,Vache
Côte-d'Or,Petit Gaugry,http://fr.wikipedia.org/wiki/Petit_Gaugry,,Vache
Loiret,Chécy,http://fr.wikipedia.org/wiki/Ch%C3%A9cy_%28fromage%29,,Vache
Lozère,Persillé du Malzieu,http://fr.wikipedia.org/wiki/Persill%C3%A9_du_Malzieu,,Brebis
Réunion,Délice de la Sicalait,http://fr.wikipedia.org/wiki/D%C3%A9lice_de_la_Sicalait,,Vache
Charente,Chavroux,http://fr.wikipedia.org/wiki/Chavroux,http://en.wikipedia.org/wiki/Chavroux,Chèvre
Aube,Brie de Melun,http://fr.wikipedia.org/wiki/Brie_de_Melun,,Vache
Aisne,Dauphin,http://fr.wikipedia.org/wiki/Dauphin_%28fromage%29,,Vache
Gard,Picodon,http://fr.wikipedia.org/wiki/Picodon,http://en.wikipedia.org/wiki/Picodon,Chèvre
Hautes-Alpes,Saint-laurent,http://fr.wikipedia.org/wiki/Saint-laurent_%28fromage%29,,Vache
Pyrénées-Atlantiques,Tomette de Brebis,http://fr.wikipedia.org/wiki/Tomette_de_Brebis,,Brebis
Réunion,Mont Bébour,http://fr.wikipedia.org/wiki/Mont_B%C3%A9bour,,Vache
Savoie,Beaufort,http://fr.wikipedia.org/wiki/Beaufort_%28fromage%29,http://en.wikipedia.org/wiki/Beaufort_cheese,Vache
Vienne,Sainte-Maure de Touraine,http://fr.wikipedia.org/wiki/Sainte-Maure_de_Touraine_%28fromage%29,http://en.wikipedia.org/wiki/Sainte-Maure_de_Touraine,Chèvre
Yonne,Époisses,http://fr.wikipedia.org/wiki/%C3%89poisses_%28fromage%29,http://en.wikipedia.org/wiki/%C3%89poisses_de_Bourgogne,Vache
Yonne,Boule des moines,http://fr.wikipedia.org/wiki/Boule_des_moines,,Vache
Côte-d'Or,Gruyère français,http://fr.wikipedia.org/wiki/Gruy%C3%A8re_fran%C3%A7ais,,Vache
Indre-et-Loire,Sainte-Maure de Touraine,http://fr.wikipedia.org/wiki/Sainte-Maure_de_Touraine_%28fromage%29,http://en.wikipedia.org/wiki/Sainte-Maure_de_Touraine,Chèvre
Gard,Pélardon,http://fr.wikipedia.org/wiki/P%C3%A9lardon,http://en.wikipedia.org/wiki/P%C3%A9lardon,Chèvre
Haute-Garonne,Cathare,http://fr.wikipedia.org/wiki/Cathare_%28marque%29,http://en.wikipedia.org/wiki/Cathare,Chèvre
Ain,Tracle,http://fr.wikipedia.org/wiki/Tracle,,Vache
Aveyron,Caillé,http://fr.wikipedia.org/wiki/Caill%C3%A9,http://en.wikipedia.org/wiki/Curd,Vache
Cantal,Saint-nectaire,http://fr.wikipedia.org/wiki/Saint-nectaire_%28fromage%29,http://en.wikipedia.org/wiki/Saint-Nectaire,Vache
Puy-de-Dôme,Fourme de Montbrison,http://fr.wikipedia.org/wiki/Fourme_de_Montbrison,http://en.wikipedia.org/wiki/Fourme_de_Montbrison,Vache
Haute-Marne,Langres,http://fr.wikipedia.org/wiki/Langres_%28fromage%29,http://en.wikipedia.org/wiki/Langres_cheese,Vache
Loire,Rigotte de Condrieu,http://fr.wikipedia.org/wiki/Rigotte_de_Condrieu,http://en.wikipedia.org/wiki/Rigotte_de_Condrieu,Chèvre
Ille-et-Vilaine,Petit Billy,http://fr.wikipedia.org/wiki/Petit_Billy,,Chèvre
Morbihan,Tome de Rhuys,http://fr.wikipedia.org/wiki/Tome_de_Rhuys,,Vache
Côte-d'Or,Aisy cendré,http://fr.wikipedia.org/wiki/Aisy_cendr%C3%A9,http://en.wikipedia.org/wiki/Aisy_cendr%C3%A9,Vache
Moselle,Tomme de Gorze,http://fr.wikipedia.org/wiki/Tomme_de_Gorze,,Vache
Pyrénées-Atlantiques,Le Brebiou,http://fr.wikipedia.org/wiki/Le_Brebiou,,Brebis
Savoie,Tomme de Savoie,http://fr.wikipedia.org/wiki/Tomme_de_Savoie,http://en.wikipedia.org/wiki/Tomme_de_Savoie,Vache
Yonne,Saint-florentin,http://fr.wikipedia.org/wiki/Saint-florentin_%28fromage%29,,Vache
Vaucluse,Picodon,http://fr.wikipedia.org/wiki/Picodon,http://en.wikipedia.org/wiki/Picodon,Chèvre
Jura,Chevret du Haut-Jura,http://fr.wikipedia.org/wiki/Chevret_du_Haut-Jura,,Vache
Savoie,Thollon,http://fr.wikipedia.org/wiki/Thollon,,Vache
Indre,Tournon-saint-pierre,http://fr.wikipedia.org/wiki/Tournon-saint-pierre_%28fromage%29,,Chèvre
Nord,Briquette de l'Ecaillon,http://fr.wikipedia.org/wiki/Briquette_de_l%27Ecaillon,,Chèvre
Nord,Larron d'Ors,http://fr.wikipedia.org/wiki/Larron_d%27Ors,,Vache
Pyrénées-Atlantiques,Kaïkou,http://fr.wikipedia.org/wiki/Ka%C3%AFkou,,Brebis
Savoie,Persillé du Mont-Cenis,http://fr.wikipedia.org/wiki/Persill%C3%A9_du_Mont-Cenis,,Chèvre
Savoie,Tomme blanche,http://fr.wikipedia.org/wiki/Tomme_blanche,,Vache
Saône-et-Loire,Charolais,http://fr.wikipedia.org/wiki/Charolais_%28fromage%29,,Chèvre
Val-de-Marne,Délice de Saint-Cyr,http://fr.wikipedia.org/wiki/D%C3%A9lice_de_Saint-Cyr,,Vache
Haute-Garonne,Tomme des Pyrénées,http://fr.wikipedia.org/wiki/Tomme_des_Pyr%C3%A9n%C3%A9es,http://en.wikipedia.org/wiki/Tomme_des_Pyr%C3%A9n%C3%A9es,Vache
Lozère,Pélardon,http://fr.wikipedia.org/wiki/P%C3%A9lardon,http://en.wikipedia.org/wiki/P%C3%A9lardon,Chèvre
Savoie,Emmental de Savoie,http://fr.wikipedia.org/wiki/Emmental_de_Savoie,,Vache
Doubs,Gruyère français,http://fr.wikipedia.org/wiki/Gruy%C3%A8re_fran%C3%A7ais,,Vache
Jura,Gruyère français,http://fr.wikipedia.org/wiki/Gruy%C3%A8re_fran%C3%A7ais,,Vache
Seine-et-Marne,Brie de Nangis,http://fr.wikipedia.org/wiki/Brie_de_Nangis,,Vache
Orne,Pont-l'évêque,http://fr.wikipedia.org/wiki/Pont-l%27%C3%A9v%C3%AAque_%28fromage%29,http://en.wikipedia.org/wiki/Pont-l%27%C3%89v%C3%AAque_cheese,Vache
Aube,Barberey,http://fr.wikipedia.org/wiki/Barberey_%28fromage%29,,Vache
Hautes-Alpes,Aiguille d'Orcières,http://fr.wikipedia.org/wiki/Aiguille_d%27Orci%C3%A8res,,Vache
Hautes-Alpes,Persillé du col Bayard,http://fr.wikipedia.org/wiki/Persill%C3%A9_du_col_Bayard,,Vache
Nord,Carré du Vinage,http://fr.wikipedia.org/wiki/Carr%C3%A9_du_Vinage,,Vache
Pas-de-Calais,Vieux Samer,http://fr.wikipedia.org/wiki/Vieux_Samer,,Vache
Réunion,Fromage des Plaines,http://fr.wikipedia.org/wiki/Fromage_des_Plaines,,Vache
Hautes-Pyrénées,Tomme des Pyrénées,http://fr.wikipedia.org/wiki/Tomme_des_Pyr%C3%A9n%C3%A9es,http://en.wikipedia.org/wiki/Tomme_des_Pyr%C3%A9n%C3%A9es,Vache
Cher,Valençay,http://fr.wikipedia.org/wiki/Valen%C3%A7ay_%28fromage%29,http://en.wikipedia.org/wiki/Valen%C3%A7ay_cheese,Chèvre
Ardèche,Picodon,http://fr.wikipedia.org/wiki/Picodon,http://en.wikipedia.org/wiki/Picodon,Chèvre
Ain,Chevret,http://fr.wikipedia.org/wiki/Chevret,,Chèvre
Allier,Le Délice du Chalet,http://fr.wikipedia.org/wiki/Le_D%C3%A9lice_du_Chalet,,Vache
Cantal,Fromage de Pays,http://fr.wikipedia.org/wiki/Fromage_de_Pays,,Vache
Hautes-Pyrénées,Barousse,http://fr.wikipedia.org/wiki/Barousse_%28fromage%29,,Brebis
Haute-Loire,Bleu de Loudes,http://fr.wikipedia.org/wiki/Bleu_de_Loudes,,Vache
Indre,Arthon,http://fr.wikipedia.org/wiki/Arthon_%28fromage%29,,Chèvre
Loiret,Olivet,http://fr.wikipedia.org/wiki/Olivet_%28fromage%29,http://en.wikipedia.org/wiki/Olivet_cendr%C3%A9,Vache
Pyrénées-Atlantiques,Saint Albray,http://fr.wikipedia.org/wiki/Saint_Albray,http://en.wikipedia.org/wiki/Saint_Albray,Vache
Rhône,Charolais,http://fr.wikipedia.org/wiki/Charolais_%28fromage%29,,Chèvre
Savoie,Beaumont,http://fr.wikipedia.org/wiki/Beaumont_%28fromage%29,,Vache
Yonne,Suprême des Ducs,http://fr.wikipedia.org/wiki/Supr%C3%AAme_des_Ducs,,Vache
Aveyron,Laguiole,http://fr.wikipedia.org/wiki/Laguiole_%28fromage%29,http://en.wikipedia.org/wiki/Laguiole_cheese,Vache
Somme,Rollot,http://fr.wikipedia.org/wiki/Rollot_%28fromage%29,,Vache
Lozère,Lévéjac,http://fr.wikipedia.org/wiki/L%C3%A9v%C3%A9jac_%28marque%29,,Brebis
Indre-et-Loire,Valençay,http://fr.wikipedia.org/wiki/Valen%C3%A7ay_%28fromage%29,http://en.wikipedia.org/wiki/Valen%C3%A7ay_cheese,Chèvre
Marne,Brie de Meaux,http://fr.wikipedia.org/wiki/Brie_de_Meaux,http://en.wikipedia.org/wiki/Brie_de_Meaux,Vache
Rhône,Tarare,http://fr.wikipedia.org/wiki/Tarare_%28fromage%29,,Vache
Lot,Bleu d'Auvergne,http://fr.wikipedia.org/wiki/Bleu_d%27Auvergne,http://en.wikipedia.org/wiki/Bleu_d%27Auvergne,Vache
Mayenne,Port-Salut,http://fr.wikipedia.org/wiki/Port-Salut_%28marque%29,http://en.wikipedia.org/wiki/Port_Salut,Vache
Ain,Ramequin,http://fr.wikipedia.org/wiki/Ramequin_%28fromage%29,,Vache
Nord,Boulet de Cassel,http://fr.wikipedia.org/wiki/Boulet_de_Cassel,,Vache
Allier,Grand tomachon,http://fr.wikipedia.org/wiki/Grand_tomachon,,Vache
Ardèche,Rogeret des Cévennes,http://fr.wikipedia.org/wiki/Rogeret_des_C%C3%A9vennes,,Chèvre
Ariège,Montségur,http://fr.wikipedia.org/wiki/Monts%C3%A9gur_%28marque%29,,Vache
Haute-Loire,Bleu de Costaros,http://fr.wikipedia.org/wiki/Bleu_de_Costaros,,Vache
Haute-Loire,Montbriac,http://fr.wikipedia.org/wiki/Montbriac,,Vache
Jura,Pérassu,http://fr.wikipedia.org/wiki/P%C3%A9rassu,,Vache
Loire,Rigotte de Pélussin,http://fr.wikipedia.org/wiki/Rigotte_de_P%C3%A9lussin,,Chèvre
Savoie,Tomme forte de Savoie,http://fr.wikipedia.org/wiki/Tomme_forte_de_Savoie,,Vache
Seine-et-Marne,Gratte-Paille,http://fr.wikipedia.org/wiki/Gratte-Paille,,Vache
Yonne,Boulette de la Pierre-qui-Vire,http://fr.wikipedia.org/wiki/Boulette_de_la_Pierre-qui-Vire,,Vache
Charente,Taupinette,http://fr.wikipedia.org/wiki/Taupinette,,Chèvre
Aube,Brie de Meaux,http://fr.wikipedia.org/wiki/Brie_de_Meaux,http://en.wikipedia.org/wiki/Brie_de_Meaux,Vache
Pas-de-Calais,Fort de Béthune,http://fr.wikipedia.org/wiki/Fort_de_B%C3%A9thune,,Vache
Ain,Emmental de Savoie,http://fr.wikipedia.org/wiki/Emmental_de_Savoie,,Vache
Mayenne,Vieux pané,http://fr.wikipedia.org/wiki/Vieux_pan%C3%A9,,Vache
Mayenne,Chaussée aux moines,http://fr.wikipedia.org/wiki/Chauss%C3%A9e_aux_moines,,Vache
Isère,Gruyère français,http://fr.wikipedia.org/wiki/Gruy%C3%A8re_fran%C3%A7ais,,Vache
Aveyron,Bleu des Causses,http://fr.wikipedia.org/wiki/Bleu_des_Causses,http://en.wikipedia.org/wiki/Bleu_des_Causses,Vache
Ariège,Bethmale,http://fr.wikipedia.org/wiki/Bethmale_%28fromage%29,,Vache
Corrèze,Ovalie,http://fr.wikipedia.org/wiki/Ovalie_%28marque%29,,Brebis
Loir-et-Cher,Le Petit Trôo,http://fr.wikipedia.org/wiki/Le_Petit_Tr%C3%B4o,,Vache
Loire,Charolais,http://fr.wikipedia.org/wiki/Charolais_%28fromage%29,,Chèvre
Marne,Moulin de Gaye,http://fr.wikipedia.org/wiki/Moulin_de_Gaye,,Vache
Puy-de-Dôme,Roue de Ris,http://fr.wikipedia.org/wiki/Roue_de_Ris,,Brebis
Pyrénées-Atlantiques,Le Bleu des Basques,http://fr.wikipedia.org/wiki/Le_Bleu_des_Basques,,Brebis
Rhône,La Pierre Dorée,http://fr.wikipedia.org/wiki/La_Pierre_Dor%C3%A9e,,Chèvre
Pyrénées-Atlantiques,Etorki,http://fr.wikipedia.org/wiki/Etorki,http://en.wikipedia.org/wiki/Etorki,Brebis
Ariège,Tomme des Pyrénées,http://fr.wikipedia.org/wiki/Tomme_des_Pyr%C3%A9n%C3%A9es,http://en.wikipedia.org/wiki/Tomme_des_Pyr%C3%A9n%C3%A9es,Vache
Territoire de Belfort,Munster,http://fr.wikipedia.org/wiki/Munster_%28fromage%29,http://en.wikipedia.org/wiki/Munster_cheese,Vache
Côte-d'Or,Abbaye de Cîteaux,http://fr.wikipedia.org/wiki/Abbaye_de_C%C3%AEteaux_%28marque%29,,Vaches
Savoie,Brézain,http://fr.wikipedia.org/wiki/Br%C3%A9zain,,Vache
Mayenne,Bons Mayennais,http://fr.wikipedia.org/wiki/Bons_Mayennais,,Vache
Saône-et-Loire,Montrachet,http://fr.wikipedia.org/wiki/Montrachet_%28marque%29,,Chèvre
Loir-et-Cher,Sainte-Maure de Touraine,http://fr.wikipedia.org/wiki/Sainte-Maure_de_Touraine_%28fromage%29,http://en.wikipedia.org/wiki/Sainte-Maure_de_Touraine,Chèvre
Pyrénées-Atlantiques,Tomme des Pyrénées,http://fr.wikipedia.org/wiki/Tomme_des_Pyr%C3%A9n%C3%A9es,http://en.wikipedia.org/wiki/Tomme_des_Pyr%C3%A9n%C3%A9es,Vache
Cher,Santranges-sancerre,http://fr.wikipedia.org/wiki/Santranges-sancerre,,Chèvre
Corrèze,Truffe de Ventadour,http://fr.wikipedia.org/wiki/Truffe_de_Ventadour,,Chèvre
Drôme,Pétafine,http://fr.wikipedia.org/wiki/P%C3%A9tafine,,Chèvre
Hautes-Alpes,Bleu du Dévoluy,http://fr.wikipedia.org/wiki/Bleu_du_D%C3%A9voluy,,Vache
Nord,Tome de Cambrai,http://fr.wikipedia.org/wiki/Tome_de_Cambrai,,Vache
Pas-de-Calais,Vieux Boulogne,http://fr.wikipedia.org/wiki/Vieux_Boulogne,http://en.wikipedia.org/wiki/Vieux-Boulogne,Vaches
Réunion,Piton des Neiges,http://fr.wikipedia.org/wiki/Piton_des_Neiges_%28fromage%29,,Vache
Savoie,Bleu de Sainte-Foy,http://fr.wikipedia.org/wiki/Bleu_de_Sainte-Foy,,Vache
Oise,Neufchâtel,http://fr.wikipedia.org/wiki/Neufch%C3%A2tel_%28fromage%29,http://en.wikipedia.org/wiki/Neufch%C3%A2tel_cheese,Vache
Pyrénées-Atlantiques,Ardi-Gasna,http://fr.wikipedia.org/wiki/Ardi-Gasna,,Brebis
Haute-Marne,Époisses,http://fr.wikipedia.org/wiki/%C3%89poisses_%28fromage%29,http://en.wikipedia.org/wiki/%C3%89poisses_de_Bourgogne,Vache
Cantal,Cabécou,http://fr.wikipedia.org/wiki/Cab%C3%A9cou,http://en.wikipedia.org/wiki/Cab%C3%A9cou,Chèvre
Savoie,Tignard,http://fr.wikipedia.org/wiki/Tignard,,"Vache,Chèvre,Brebis"
Aveyron,Cabécou,http://fr.wikipedia.org/wiki/Cab%C3%A9cou,http://en.wikipedia.org/wiki/Cab%C3%A9cou,Chèvre
Rhône,Arôme au vin blanc,http://fr.wikipedia.org/wiki/Ar%C3%B4me_au_vin_blanc,,Vache
Indre,Valençay,http://fr.wikipedia.org/wiki/Valen%C3%A7ay_%28fromage%29,http://en.wikipedia.org/wiki/Valen%C3%A7ay_cheese,Chèvre
Ain,Gruyère français,http://fr.wikipedia.org/wiki/Gruy%C3%A8re_fran%C3%A7ais,,Vache
Aveyron,Tome fraîche,http://fr.wikipedia.org/wiki/Tome_fra%C3%AEche,,Vache
