Numero_Dossier,Date_Lecture,Date_Audience,Avocat_Requerant,Type_Decision,Type_Recours,Formation_Jugement
405548,24/11/2021,08/10/2021,SCP BENABENT,Décision,Contentieux des pensions, 4ème chambre jugeant seule
420608,18/11/2021,25/10/2021,CABINET COLIN - STOCLET,Décision,Excès de pouvoir,10ème chambre jugeant seule
422295,19/11/2021,21/10/2021,"SCP BARADUC, DUHAMEL, RAMEIX",Décision,Plein contentieux,10ème chambre jugeant seule
430655,15/11/2021,28/10/2021,DOCHLER GATE EMMA,Décision,Plein contentieux, 9ème chambre jugeant seule
430958,22/11/2021,22/10/2021,SCP RICHARD,Décision,Plein contentieux,4ème et 1ère chambres réunies
431275,22/11/2021,22/10/2021,SCP GOUZ-FITOUSSI,Décision,Excès de pouvoir,4ème et 1ère chambres réunies
431323,15/11/2021,28/10/2021,SCP BOUTET-HOURDEAUX,Décision,Plein contentieux, 9ème chambre jugeant seule
431431,22/11/2021,22/10/2021,"THOUVENIN, COUDRAY, GREVY",Décision,Excès de pouvoir,4ème et 1ère chambres réunies
431576,05/11/2021,18/10/2021,,Décision,Plein contentieux,9ème et 10ème chambres réunies
431579,05/11/2021,18/10/2021,,Décision,Plein contentieux,9ème et 10ème chambres réunies
431724,22/11/2021,22/10/2021,"SCP PIWNICA, MOLINIE",Décision,Excès de pouvoir,4ème et 1ère chambres réunies
431747,05/11/2021,18/10/2021,CABINET BRIARD,Décision,,9ème et 10ème chambres réunies
431927,22/11/2021,22/10/2021,"SCP CELICE, TEXIDOR, PERIER",Décision,Excès de pouvoir,4ème et 1ère chambres réunies
431980,18/11/2021,25/10/2021,FITZJEAN O COBHTHAIGH,Décision,Excès de pouvoir,10ème chambre jugeant seule
432331,24/11/2021,08/10/2021,"SCP LYON-CAEN, THIRIEZ",Décision,Excès de pouvoir, 4ème chambre jugeant seule
432576,23/11/2021,15/10/2021,PONELLE,Décision,Excès de pouvoir, 4ème chambre jugeant seule
432819,15/11/2021,08/10/2021,"SCP PIWNICA, MOLINIE",Décision,Excès de pouvoir,6ème et 5ème chambres réunies
433075,24/11/2021,08/10/2021,"THOUVENIN, COUDRAY, GREVY",Décision,Excès de pouvoir, 4ème chambre jugeant seule
433212,05/11/2021,18/10/2021,SARL ORTSCHEIDT,Décision,Plein contentieux,9ème et 10ème chambres réunies
433367,05/11/2021,18/10/2021,CABINET BRIARD,Décision,Plein contentieux,9ème et 10ème chambres réunies
433536,22/11/2021,22/10/2021,"THOUVENIN, COUDRAY, GREVY",Décision,Excès de pouvoir,4ème et 1ère chambres réunies
434011,24/11/2021,22/10/2021,"SCP OHL, VEXLIARD",Décision,Plein contentieux,6ème et 5ème chambres réunies
434036,05/11/2021,18/10/2021,CABINET BRIARD,Décision,Plein contentieux,9ème et 10ème chambres réunies
434288,09/11/2021,14/10/2021,"SCP FOUSSARD, FROGER",Décision,Plein contentieux,1ère chambre jugeant seule
434742,15/11/2021,08/10/2021,"SCP PIWNICA, MOLINIE",Décision,Plein contentieux,6ème et 5ème chambres réunies
434892,24/11/2021,08/10/2021,"SCP THOUIN-PALAT, BOUCARD",Décision,Excès de pouvoir, 4ème chambre jugeant seule
435153,19/11/2021,20/10/2021,"SCP MATUCHANSKY, POUPOT, VALDELIEVRE",Décision,Excès de pouvoir,1ère et 4ème chambres réunies
435178,24/11/2021,22/10/2021,SCP GASCHIGNARD,Décision,Excès de pouvoir,6ème et 5ème chambres réunies
435646,10/11/2021,14/10/2021,"SCP SEVAUX, MATHONNET",Décision,Excès de pouvoir, 5ème chambre jugeant seule
435662,15/11/2021,08/10/2021,"SCP LYON-CAEN, THIRIEZ",Décision,Excès de pouvoir,6ème et 5ème chambres réunies
435698,24/11/2021,22/10/2021,"SCP BORE, SALVE DE BRUNETON, MEGRET",Décision,Excès de pouvoir,6ème et 5ème chambres réunies
435984,08/11/2021,13/10/2021,"SCP CELICE, TEXIDOR, PERIER",Décision,Excès de pouvoir,3ème et 8ème chambres réunies
436071,24/11/2021,22/10/2021,"SCP NICOLAY, DE LANOUVELLE, HANNOTIN",Décision,Plein contentieux,6ème et 5ème chambres réunies
436304,22/11/2021,21/10/2021,MOAYED,Décision,Plein contentieux, 3ème chambre jugeant seule
436749,15/11/2021,28/10/2021,,Décision,Plein contentieux, 9ème chambre jugeant seule
437105,24/11/2021,22/10/2021,LE PRADO,Décision,Excès de pouvoir,6ème et 5ème chambres réunies
437141,19/11/2021,12/11/2021,"SCP ROCHETEAU, UZAN-SARANO;SCP FOUSSARD, FROGER",Décision,Excès de pouvoir,Section du Contentieux
437180,22/11/2021,21/10/2021,"SCP NICOLAY, DE LANOUVELLE, HANNOTIN",Décision,Plein contentieux, 8ème chambre jugeant seule
437329,17/11/2021,28/09/2021,"SCP DE NERVO, POUPET",Décision,Plein contentieux, 8ème chambre jugeant seule
437375,24/11/2021,22/10/2021,SARL DIDIER-PINET,Décision,Excès de pouvoir,6ème et 5ème chambres réunies
437613,15/11/2021,08/10/2021,SELARL 2AC2E,Décision,Excès de pouvoir,6ème et 5ème chambres réunies
437700,05/11/2021,18/10/2021,,Décision,Plein contentieux,9ème et 10ème chambres réunies
437812,15/11/2021,28/10/2021,"SCP BARADUC, DUHAMEL, RAMEIX",Décision,, 9ème chambre jugeant seule
437813,15/11/2021,28/10/2021,"SCP BARADUC, DUHAMEL, RAMEIX",Décision,Plein contentieux, 9ème chambre jugeant seule
437821,18/11/2021,25/10/2021,CABINET COLIN - STOCLET,Décision,Plein contentieux,10ème chambre jugeant seule
437958,24/11/2021,08/10/2021,MAIXANT,Décision,Excès de pouvoir, 4ème chambre jugeant seule
437996,05/11/2021,18/10/2021,SARL DIDIER-PINET,Décision,Plein contentieux,9ème et 10ème chambres réunies
438056,22/11/2021,21/10/2021,SCP BOULLOCHE,Décision,Plein contentieux, 3ème chambre jugeant seule
438068,24/11/2021,08/10/2021,HERIN,Décision,Excès de pouvoir, 4ème chambre jugeant seule
438388,09/11/2021,18/10/2021,"SCP PIWNICA, MOLINIE",Décision,Plein contentieux,2ème et 7ème chambres réunies
438491,24/11/2021,22/10/2021,"SCP FOUSSARD, FROGER",Décision,Excès de pouvoir,6ème et 5ème chambres réunies
438880,23/11/2021,15/10/2021,"SCP LYON-CAEN, THIRIEZ",Décision,Plein contentieux, 4ème chambre jugeant seule
438998,16/11/2021,28/09/2021,"SCP PIWNICA, MOLINIE",Décision,Plein contentieux, 8ème chambre jugeant seule
438999,16/11/2021,28/09/2021,"SCP PIWNICA, MOLINIE",Décision,Plein contentieux, 8ème chambre jugeant seule
439000,16/11/2021,28/09/2021,"SCP PIWNICA, MOLINIE",Décision,Plein contentieux, 8ème chambre jugeant seule
439014,15/11/2021,28/10/2021,CMS FRANCIS LEFEBVRE AVOCATS,Décision,Plein contentieux, 9ème chambre jugeant seule
439350,10/11/2021,14/10/2021,SELARL D'AVOCAT PIERRE ANTOINE PERES,Décision,Plein contentieux, 5ème chambre jugeant seule
439405,04/11/2021,14/10/2021,SCP GASCHIGNARD,Décision,Plein contentieux, 2ème chambre jugeant seule
439494,15/11/2021,28/10/2021,,Décision,Plein contentieux, 9ème chambre jugeant seule
439498,15/11/2021,28/10/2021,,Décision,Plein contentieux, 9ème chambre jugeant seule
439609,17/11/2021,28/09/2021,"SCP PIWNICA, MOLINIE",Décision,Plein contentieux, 8ème chambre jugeant seule
439891,09/11/2021,18/10/2021,"SCP FOUSSARD, FROGER",Décision,Plein contentieux,2ème et 7ème chambres réunies
439966,10/11/2021,13/10/2021,"SCP GATINEAU, FATTACCINI, REBEYROL",Décision,Excès de pouvoir,10ème et 9ème chambres réunies
440028,09/11/2021,18/10/2021,"SCP RICARD, BENDEL-VASSEUR, GHNASSIA",Décision,Excès de pouvoir,2ème et 7ème chambres réunies
440080,15/11/2021,28/10/2021,"SCP CELICE, TEXIDOR, PERIER",Décision,Plein contentieux, 9ème chambre jugeant seule
440132,10/11/2021,14/10/2021,SCP BUK LAMENT - ROBILLOT,Décision,Plein contentieux, 5ème chambre jugeant seule
440236,19/11/2021,20/10/2021,"SCP LYON-CAEN, THIRIEZ",Décision,Excès de pouvoir,1ère et 4ème chambres réunies
440237,19/11/2021,20/10/2021,"SCP LYON-CAEN, THIRIEZ",Décision,Excès de pouvoir,1ère et 4ème chambres réunies
440721,19/11/2021,20/10/2021,"SCP PIWNICA, MOLINIE",Décision,Excès de pouvoir,1ère et 4ème chambres réunies
440755,19/11/2021,21/10/2021,SCP RICHARD,Décision,Plein contentieux,10ème chambre jugeant seule
440802,19/11/2021,20/10/2021,,Décision,,1ère et 4ème chambres réunies
441064,10/11/2021,14/10/2021,"SCP CELICE, TEXIDOR, PERIER",Décision,Plein contentieux, 5ème chambre jugeant seule
441067,05/11/2021,13/10/2021,CABINET MUNIER-APAIRE,Décision,Excès de pouvoir,7ème et 2ème chambres réunies
441118,22/11/2021,22/10/2021,SCP BUK LAMENT - ROBILLOT,Décision,Excès de pouvoir,4ème et 1ère chambres réunies
441203,09/11/2021,18/10/2021,"SCP GADIOU, CHEVALLIER",Décision,Excès de pouvoir,2ème et 7ème chambres réunies
441294,09/11/2021,14/10/2021,,Décision,Excès de pouvoir,1ère chambre jugeant seule
441374,10/11/2021,14/10/2021,CABINET COLIN - STOCLET,Décision,Excès de pouvoir, 5ème chambre jugeant seule
441397,18/11/2021,25/10/2021,"THOUVENIN, COUDRAY, GREVY",Décision,Plein contentieux,10ème chambre jugeant seule
441542,10/11/2021,21/10/2021,"SCP ZRIBI, TEXIER",Décision,Plein contentieux, 7ème chambre jugeant seule
441700,19/11/2021,21/10/2021,"SCP ZRIBI, TEXIER",Décision,Plein contentieux,10ème chambre jugeant seule
441820,22/11/2021,22/10/2021,"SCP WAQUET, FARGE, HAZAN",Décision,Plein contentieux,8ème et 3ème chambres réunies
441908,17/11/2021,28/09/2021,CABINET BORNHAUSER,Décision,Excès de pouvoir, 8ème chambre jugeant seule
442348,18/11/2021,16/11/2021,LE PRADO,Décision,Excès de pouvoir,10ème chambre jugeant seule
442381,15/11/2021,28/10/2021,SCP BUK LAMENT - ROBILLOT,Décision,Plein contentieux, 9ème chambre jugeant seule
442688,19/11/2021,21/10/2021,"SCP NICOLAY, DE LANOUVELLE, HANNOTIN",Décision,Excès de pouvoir,10ème chambre jugeant seule
442768,19/11/2021,21/10/2021,,Décision,Excès de pouvoir,10ème chambre jugeant seule
442861,15/11/2021,28/10/2021,,Décision,Plein contentieux, 9ème chambre jugeant seule
442864,15/11/2021,28/10/2021,,Décision,Plein contentieux, 9ème chambre jugeant seule
442865,15/11/2021,28/10/2021,,Décision,Plein contentieux, 9ème chambre jugeant seule
442887,18/11/2021,25/10/2021,"SCP DELAMARRE, JEHANNIN",Décision,Excès de pouvoir,10ème chambre jugeant seule
442889,15/11/2021,28/10/2021,,Décision,Plein contentieux, 9ème chambre jugeant seule
442893,15/11/2021,28/10/2021,,Décision,Plein contentieux, 9ème chambre jugeant seule
442896,15/11/2021,28/10/2021,,Décision,Plein contentieux, 9ème chambre jugeant seule
442897,15/11/2021,28/10/2021,,Décision,Plein contentieux, 9ème chambre jugeant seule
442900,15/11/2021,28/10/2021,,Décision,Plein contentieux, 9ème chambre jugeant seule
442904,15/11/2021,28/10/2021,,Décision,Plein contentieux, 9ème chambre jugeant seule
442906,15/11/2021,28/10/2021,,Décision,Plein contentieux, 9ème chambre jugeant seule
442912,15/11/2021,28/10/2021,,Décision,Plein contentieux, 9ème chambre jugeant seule
442914,15/11/2021,28/10/2021,,Décision,Plein contentieux, 9ème chambre jugeant seule
442915,15/11/2021,28/10/2021,,Décision,Plein contentieux, 9ème chambre jugeant seule
442917,15/11/2021,28/10/2021,,Décision,Plein contentieux, 9ème chambre jugeant seule
442918,15/11/2021,28/10/2021,,Décision,Plein contentieux, 9ème chambre jugeant seule
442919,15/11/2021,28/10/2021,,Décision,Plein contentieux, 9ème chambre jugeant seule
443105,15/11/2021,28/10/2021,,Décision,Plein contentieux, 9ème chambre jugeant seule
443138,04/11/2021,14/10/2021,SOLTNER,Décision,Excès de pouvoir, 2ème chambre jugeant seule
443140,15/11/2021,28/10/2021,,Décision,Plein contentieux, 9ème chambre jugeant seule
443190,15/11/2021,22/10/2021,"SCP MATUCHANSKY, POUPOT, VALDELIEVRE",Décision,Plein contentieux,8ème et 3ème chambres réunies
443310,19/11/2021,20/10/2021,,Décision,Plein contentieux,1ère et 4ème chambres réunies
443357,04/11/2021,14/10/2021,"SCP ROCHETEAU, UZAN-SARANO",Décision,Plein contentieux, 2ème chambre jugeant seule
443368,05/11/2021,13/10/2021,"SCP BAUER-VIOLAS, FESCHOTTE-DESBOIS, SEBAGH",Décision,Plein contentieux,7ème et 2ème chambres réunies
443436,10/11/2021,21/10/2021,,Décision,, 7ème chambre jugeant seule
443517,18/11/2021,25/10/2021,"SCP PIWNICA, MOLINIE",Décision,Excès de pouvoir,10ème chambre jugeant seule
443615,04/11/2021,30/09/2021,SCP RICHARD,Décision,Plein contentieux,10ème chambre jugeant seule
443780,15/11/2021,28/10/2021,,Décision,Plein contentieux, 9ème chambre jugeant seule
443785,15/11/2021,28/10/2021,,Décision,Plein contentieux, 9ème chambre jugeant seule
443789,15/11/2021,28/10/2021,,Décision,Plein contentieux, 9ème chambre jugeant seule
443790,15/11/2021,28/10/2021,,Décision,Plein contentieux, 9ème chambre jugeant seule
443791,15/11/2021,28/10/2021,,Décision,Plein contentieux, 9ème chambre jugeant seule
443792,15/11/2021,28/10/2021,,Décision,Plein contentieux, 9ème chambre jugeant seule
443794,15/11/2021,28/10/2021,,Décision,Plein contentieux, 9ème chambre jugeant seule
443810,05/11/2021,13/10/2021,"SCP KRIVINE, VIAUD",Décision,Plein contentieux,7ème et 2ème chambres réunies
443858,19/11/2021,20/10/2021,"SCP LYON-CAEN, THIRIEZ",Décision,Excès de pouvoir,1ère et 4ème chambres réunies
443889,24/11/2021,08/10/2021,"SCP PIWNICA, MOLINIE",Décision,Excès de pouvoir, 4ème chambre jugeant seule
443966,22/11/2021,21/10/2021,CABINET BRIARD,Décision,Plein contentieux, 8ème chambre jugeant seule
443967,22/11/2021,21/10/2021,CABINET BRIARD,Décision,Plein contentieux, 8ème chambre jugeant seule
443970,22/11/2021,21/10/2021,,Décision,Plein contentieux, 8ème chambre jugeant seule
443972,22/11/2021,21/10/2021,CABINET BRIARD,Décision,Plein contentieux, 8ème chambre jugeant seule
443978,15/11/2021,08/10/2021,SCP SPINOSI,Décision,Plein contentieux,6ème et 5ème chambres réunies
444052,15/11/2021,28/10/2021,,Décision,Plein contentieux, 9ème chambre jugeant seule
444350,16/11/2021,14/10/2021,,Décision,Excès de pouvoir, 6ème chambre jugeant seule
444484,22/11/2021,21/10/2021,SCP MELKA-PRIGENT-DRUSCH,Décision,Excès de pouvoir, 3ème chambre jugeant seule
444584,04/11/2021,30/09/2021,,Décision,Excès de pouvoir,10ème chambre jugeant seule
444614,17/11/2021,28/09/2021,"THOUVENIN, COUDRAY, GREVY",Décision,Plein contentieux, 8ème chambre jugeant seule
444625,05/11/2021,13/10/2021,"THOUVENIN, COUDRAY, GREVY",Décision,Plein contentieux,7ème et 2ème chambres réunies
444721,16/11/2021,28/09/2021,"SCP MATUCHANSKY, POUPOT, VALDELIEVRE",Décision,Plein contentieux, 8ème chambre jugeant seule
444760,16/11/2021,28/09/2021,"SCP MATUCHANSKY, POUPOT, VALDELIEVRE",Décision,Plein contentieux, 8ème chambre jugeant seule
444923,15/11/2021,28/10/2021,,Décision,Plein contentieux, 9ème chambre jugeant seule
444991,18/11/2021,25/10/2021,"SCP MATUCHANSKY, POUPOT, VALDELIEVRE",Décision,Plein contentieux,10ème chambre jugeant seule
444992,10/11/2021,13/10/2021,"SCP BAUER-VIOLAS, FESCHOTTE-DESBOIS, SEBAGH;SCP DE CHAISEMARTIN, DOUMIC-SEILLER",Décision,Excès de pouvoir,10ème et 9ème chambres réunies
444997,10/11/2021,13/10/2021,"SCP DE CHAISEMARTIN, DOUMIC-SEILLER",Décision,Excès de pouvoir,10ème et 9ème chambres réunies
445197,18/11/2021,08/10/2021,SCP VPNG AVOCATS ASSOCIES,Décision,Plein contentieux, 4ème chambre jugeant seule
445322,04/11/2021,14/10/2021,SCP JEAN-PHILIPPE CASTON,Décision,Plein contentieux, 2ème chambre jugeant seule
445329,10/11/2021,21/10/2021,,Décision,Excès de pouvoir, 7ème chambre jugeant seule
445353,10/11/2021,21/10/2021,,Décision,Excès de pouvoir, 7ème chambre jugeant seule
445401,10/11/2021,14/10/2021,"SCP FOUSSARD, FROGER",Décision,Plein contentieux, 5ème chambre jugeant seule
445466,04/11/2021,14/10/2021,CABINET BRIARD,Décision,Plein contentieux, 2ème chambre jugeant seule
445509,19/11/2021,21/10/2021,"SCP LEDUC, VIGAND",Décision,Excès de pouvoir,10ème chambre jugeant seule
445589,10/11/2021,21/10/2021,,Décision,Excès de pouvoir, 7ème chambre jugeant seule
445632,19/11/2021,21/10/2021,,Décision,Plein contentieux,10ème chambre jugeant seule
445758,22/11/2021,22/10/2021,,Décision,Plein contentieux,4ème et 1ère chambres réunies
445981,17/11/2021,28/09/2021,"SCP LYON-CAEN, THIRIEZ",Décision,Plein contentieux, 8ème chambre jugeant seule
446010,10/11/2021,14/10/2021,"SCP LYON-CAEN, THIRIEZ",Décision,Plein contentieux, 5ème chambre jugeant seule
446154,19/11/2021,21/10/2021,CABINET COLIN - STOCLET,Décision,Plein contentieux,10ème chambre jugeant seule
446209,04/11/2021,14/10/2021,"SCP BAUER-VIOLAS, FESCHOTTE-DESBOIS, SEBAGH",Décision,Excès de pouvoir, 2ème chambre jugeant seule
446482,19/11/2021,04/11/2021,,Décision,Plein contentieux, 2ème chambre jugeant seule
446680,22/11/2021,21/10/2021,IMPERIALI,Décision,Excès de pouvoir, 3ème chambre jugeant seule
446691,15/11/2021,28/10/2021,,Décision,Plein contentieux, 9ème chambre jugeant seule
446758,22/11/2021,21/10/2021,SCP RICHARD,Décision,Plein contentieux, 8ème chambre jugeant seule
447059,10/11/2021,13/10/2021,"SCP ZRIBI, TEXIER",Décision,Plein contentieux,10ème et 9ème chambres réunies
447142,15/11/2021,28/10/2021,"SCP NICOLAY, DE LANOUVELLE, HANNOTIN",Décision,Plein contentieux, 9ème chambre jugeant seule
447230,18/11/2021,08/10/2021,,Décision,Excès de pouvoir, 4ème chambre jugeant seule
447243,22/11/2021,21/10/2021,CABINET ROUSSEAU ET TAPIE,Décision,Plein contentieux, 8ème chambre jugeant seule
447265,10/11/2021,13/10/2021,"SCP CELICE, TEXIDOR, PERIER",Décision,Plein contentieux,10ème et 9ème chambres réunies
447271,09/11/2021,14/10/2021,"SCP NICOLAY, DE LANOUVELLE, HANNOTIN",Décision,Excès de pouvoir,1ère chambre jugeant seule
447279,10/11/2021,13/10/2021,"SCP CELICE, TEXIDOR, PERIER",Décision,Plein contentieux,10ème et 9ème chambres réunies
447293,10/11/2021,13/10/2021,"SCP CELICE, TEXIDOR, PERIER",Décision,Plein contentieux,10ème et 9ème chambres réunies
447309,10/11/2021,13/10/2021,"SCP CELICE, TEXIDOR, PERIER",Décision,Plein contentieux,10ème et 9ème chambres réunies
447310,10/11/2021,13/10/2021,"SCP CELICE, TEXIDOR, PERIER",Décision,Plein contentieux,10ème et 9ème chambres réunies
447392,04/11/2021,14/10/2021,TERRASSE,Décision,Excès de pouvoir, 2ème chambre jugeant seule
447398,16/11/2021,14/10/2021,,Décision,Plein contentieux, 6ème chambre jugeant seule
447681,16/11/2021,14/10/2021,"SCP BAUER-VIOLAS, FESCHOTTE-DESBOIS, SEBAGH",Décision,Plein contentieux, 6ème chambre jugeant seule
447693,10/11/2021,21/10/2021,"CABINET MUNIER-APAIRE;SCP WAQUET, FARGE, HAZAN",Décision,Excès de pouvoir, 7ème chambre jugeant seule
447849,09/11/2021,14/10/2021,PUBLI-JURIS,Décision,Excès de pouvoir,1ère chambre jugeant seule
447910,16/11/2021,14/10/2021,,Décision,Excès de pouvoir, 6ème chambre jugeant seule
447911,16/11/2021,14/10/2021,,Décision,Excès de pouvoir, 6ème chambre jugeant seule
448046,16/11/2021,14/10/2021,,Décision,Plein contentieux, 6ème chambre jugeant seule
448055,18/11/2021,25/10/2021,BALAT,Décision,Excès de pouvoir,10ème chambre jugeant seule
448088,22/11/2021,22/11/2021,,Décision,Excès de pouvoir,Formation spécialisée
448092,05/11/2021,13/10/2021,CABINET ROUSSEAU ET TAPIE,Décision,Excès de pouvoir,7ème et 2ème chambres réunies
448105,10/11/2021,21/10/2021,LE PRADO,Décision,Plein contentieux, 7ème chambre jugeant seule
448123,04/11/2021,14/10/2021,"THOUVENIN, COUDRAY, GREVY",Décision,Excès de pouvoir, 2ème chambre jugeant seule
448129,16/11/2021,28/09/2021,SCP GASCHIGNARD,Décision,Plein contentieux, 8ème chambre jugeant seule
448135,10/11/2021,21/10/2021,CABINET ROUSSEAU ET TAPIE,Décision,Excès de pouvoir, 7ème chambre jugeant seule
448181,22/11/2021,21/10/2021,"SCP CELICE, TEXIDOR, PERIER",Décision,Plein contentieux, 8ème chambre jugeant seule
448187,04/11/2021,14/10/2021,"SCP CELICE, TEXIDOR, PERIER",Décision,, 2ème chambre jugeant seule
448221,09/11/2021,18/10/2021,BLANCHETIER,Décision,Plein contentieux,2ème et 7ème chambres réunies
448231,15/11/2021,22/10/2021,CABINET BRIARD,Décision,,8ème et 3ème chambres réunies
448292,22/11/2021,21/10/2021,"AUDE EVIN & FLORIAN BORG,AVOCATS ASSOCIÉS",Décision,Plein contentieux, 3ème chambre jugeant seule
448318,09/11/2021,18/10/2021,,Décision,Plein contentieux,2ème et 7ème chambres réunies
448324,10/11/2021,21/10/2021,"THOUVENIN, COUDRAY, GREVY",Décision,Excès de pouvoir, 7ème chambre jugeant seule
448373,16/11/2021,28/09/2021,,Décision,Plein contentieux, 8ème chambre jugeant seule
448374,04/11/2021,14/10/2021,SCP SPINOSI,Décision,Plein contentieux, 2ème chambre jugeant seule
448394,22/11/2021,21/10/2021,"SCP BORE, SALVE DE BRUNETON, MEGRET",Décision,Plein contentieux, 8ème chambre jugeant seule
448402,15/11/2021,28/10/2021,"SCP CELICE, TEXIDOR, PERIER",Décision,Plein contentieux, 9ème chambre jugeant seule
448423,09/11/2021,14/10/2021,"SCP HEMERY, THOMAS-RAQUIN, LE GUERER",Décision,,1ère chambre jugeant seule
448424,09/11/2021,14/10/2021,"SCP HEMERY, THOMAS-RAQUIN, LE GUERER",Décision,,1ère chambre jugeant seule
448441,22/11/2021,21/10/2021,"SCP WAQUET, FARGE, HAZAN",Décision,Plein contentieux, 8ème chambre jugeant seule
448443,19/11/2021,20/10/2021,LE PRADO,Décision,Excès de pouvoir,1ère et 4ème chambres réunies
448514,16/11/2021,28/09/2021,SCP L. POULET-ODENT,Décision,Plein contentieux, 8ème chambre jugeant seule
448552,22/11/2021,21/10/2021,"SCP PIWNICA, MOLINIE",Décision,Plein contentieux, 8ème chambre jugeant seule
448556,22/11/2021,21/10/2021,"SCP PIWNICA, MOLINIE",Décision,Plein contentieux, 8ème chambre jugeant seule
448580,10/11/2021,21/10/2021,"SCP GADIOU, CHEVALLIER",Décision,Plein contentieux, 7ème chambre jugeant seule
448589,10/11/2021,14/10/2021,DRAI ASSOCIÉS,Décision,Plein contentieux, 5ème chambre jugeant seule
448609,22/11/2021,21/10/2021,"SCP PIWNICA, MOLINIE",Décision,Plein contentieux, 8ème chambre jugeant seule
448611,22/11/2021,21/10/2021,,Décision,Plein contentieux, 8ème chambre jugeant seule
448612,15/11/2021,28/10/2021,"SCP PIWNICA, MOLINIE",Décision,Plein contentieux, 9ème chambre jugeant seule
448719,09/11/2021,18/10/2021,SCP LE BRET-DESACHE,Décision,Excès de pouvoir,2ème et 7ème chambres réunies
448726,23/11/2021,15/10/2021,"THOUVENIN, COUDRAY, GREVY",Décision,Excès de pouvoir, 4ème chambre jugeant seule
448729,18/11/2021,25/10/2021,,Décision,Excès de pouvoir,10ème chambre jugeant seule
448731,18/11/2021,25/10/2021,"SCP GATINEAU, FATTACCINI, REBEYROL",Décision,Excès de pouvoir,10ème chambre jugeant seule
448743,22/11/2021,21/10/2021,"SCP FOUSSARD, FROGER",Décision,Plein contentieux, 3ème chambre jugeant seule
448769,22/11/2021,21/10/2021,"SCP LYON-CAEN, THIRIEZ",Décision,Plein contentieux, 3ème chambre jugeant seule
448779,22/11/2021,21/10/2021,"SCP LYON-CAEN, THIRIEZ",Décision,Plein contentieux, 3ème chambre jugeant seule
448799,04/11/2021,14/10/2021,"SCP PIWNICA, MOLINIE",Décision,Excès de pouvoir, 2ème chambre jugeant seule
448800,04/11/2021,14/10/2021,"SCP PIWNICA, MOLINIE",Décision,Excès de pouvoir, 2ème chambre jugeant seule
448807,22/11/2021,21/10/2021,"SCP LYON-CAEN, THIRIEZ",Décision,Excès de pouvoir, 3ème chambre jugeant seule
448808,04/11/2021,14/10/2021,CABINET ROUSSEAU ET TAPIE,Décision,Excès de pouvoir, 2ème chambre jugeant seule
448810,04/11/2021,14/10/2021,CABINET ROUSSEAU ET TAPIE,Décision,Excès de pouvoir, 2ème chambre jugeant seule
448862,16/11/2021,14/10/2021,,Décision,, 6ème chambre jugeant seule
448873,22/11/2021,21/10/2021,"SCP GADIOU, CHEVALLIER",Décision,Plein contentieux, 8ème chambre jugeant seule
448880,04/11/2021,30/09/2021,SCP BENABENT,Décision,Plein contentieux,10ème chambre jugeant seule
448900,16/11/2021,14/10/2021,CABINET ROUSSEAU ET TAPIE,Décision,, 6ème chambre jugeant seule
449059,10/11/2021,14/10/2021,,Décision,, 5ème chambre jugeant seule
449067,22/11/2021,21/10/2021,"SCP PIWNICA, MOLINIE",Décision,Plein contentieux, 8ème chambre jugeant seule
449068,10/11/2021,14/10/2021,,Décision,Excès de pouvoir, 5ème chambre jugeant seule
449075,22/11/2021,21/10/2021,,Décision,Plein contentieux, 8ème chambre jugeant seule
449117,04/11/2021,14/10/2021,SCP GOUZ-FITOUSSI,Décision,Plein contentieux, 2ème chambre jugeant seule
449124,10/11/2021,21/10/2021,,Décision,Contentieux des pensions, 7ème chambre jugeant seule
449157,16/11/2021,14/10/2021,,Décision,, 6ème chambre jugeant seule
449247,17/11/2021,28/09/2021,,Décision,Plein contentieux, 8ème chambre jugeant seule
449251,04/11/2021,14/10/2021,SCP RICHARD,Décision,Plein contentieux, 2ème chambre jugeant seule
449280,15/11/2021,28/10/2021,"SCP PIWNICA, MOLINIE",Décision,Plein contentieux, 9ème chambre jugeant seule
449303,22/11/2021,21/10/2021,"SCP THOUIN-PALAT, BOUCARD",Décision,Plein contentieux, 8ème chambre jugeant seule
449304,22/11/2021,21/10/2021,"SCP THOUIN-PALAT, BOUCARD",Décision,Plein contentieux, 8ème chambre jugeant seule
449307,22/11/2021,21/10/2021,"SCP THOUIN-PALAT, BOUCARD",Décision,Plein contentieux, 8ème chambre jugeant seule
449395,10/11/2021,21/10/2021,,Décision,Plein contentieux, 7ème chambre jugeant seule
449420,16/11/2021,14/10/2021,"SCP BORE, SALVE DE BRUNETON, MEGRET",Décision,, 6ème chambre jugeant seule
449434,15/11/2021,28/10/2021,,Décision,Plein contentieux, 9ème chambre jugeant seule
449485,16/11/2021,14/10/2021,,Décision,, 6ème chambre jugeant seule
449530,19/11/2021,21/10/2021,SCP BENABENT,Décision,Excès de pouvoir,10ème chambre jugeant seule
449574,10/11/2021,21/10/2021,,Décision,, 7ème chambre jugeant seule
449632,10/11/2021,14/10/2021,SCP MELKA-PRIGENT-DRUSCH,Décision,Excès de pouvoir, 5ème chambre jugeant seule
449650,19/11/2021,21/10/2021,,Décision,Plein contentieux,10ème chambre jugeant seule
449683,18/11/2021,25/10/2021,"SCP BOUZIDI, BOUHANNA",Décision,Plein contentieux,10ème chambre jugeant seule
449686,19/11/2021,21/10/2021,,Décision,Plein contentieux,10ème chambre jugeant seule
449721,17/11/2021,28/09/2021,,Décision,Plein contentieux, 8ème chambre jugeant seule
449736,04/11/2021,30/09/2021,"SCP KRIVINE, VIAUD",Décision,Excès de pouvoir,10ème chambre jugeant seule
449844,19/11/2021,15/10/2021,"SCP GATINEAU, FATTACCINI, REBEYROL",Décision,Excès de pouvoir, 4ème chambre jugeant seule
449927,04/11/2021,14/10/2021,,Décision,Excès de pouvoir, 2ème chambre jugeant seule
449936,16/11/2021,14/10/2021,,Décision,, 6ème chambre jugeant seule
449937,16/11/2021,14/10/2021,,Décision,, 6ème chambre jugeant seule
449938,16/11/2021,14/10/2021,,Décision,, 6ème chambre jugeant seule
449941,05/11/2021,13/10/2021,,Décision,Excès de pouvoir,7ème et 2ème chambres réunies
449974,04/11/2021,14/10/2021,"SCP MARLANGE, DE LA BURGADE",Décision,Excès de pouvoir, 2ème chambre jugeant seule
449985,10/11/2021,21/10/2021,SCP BUK LAMENT - ROBILLOT,Décision,Plein contentieux, 7ème chambre jugeant seule
450002,16/11/2021,14/10/2021,,Décision,Excès de pouvoir, 6ème chambre jugeant seule
450062,23/11/2021,15/10/2021,"SCP FOUSSARD, FROGER",Décision,Plein contentieux, 4ème chambre jugeant seule
450075,10/11/2021,14/10/2021,,Décision,Excès de pouvoir, 5ème chambre jugeant seule
450149,10/11/2021,14/10/2021,,Décision,, 5ème chambre jugeant seule
450169,04/11/2021,30/09/2021,CABINET COLIN - STOCLET,Décision,Excès de pouvoir,10ème chambre jugeant seule
450177,10/11/2021,14/10/2021,,Décision,, 5ème chambre jugeant seule
450190,10/11/2021,14/10/2021,,Décision,Excès de pouvoir, 5ème chambre jugeant seule
450218,19/11/2021,21/10/2021,"SCP WAQUET, FARGE, HAZAN",Décision,Excès de pouvoir,10ème chambre jugeant seule
450226,22/11/2021,21/10/2021,,Décision,Excès de pouvoir, 3ème chambre jugeant seule
450227,22/11/2021,21/10/2021,"SCP KRIVINE, VIAUD",Décision,Plein contentieux, 8ème chambre jugeant seule
450259,04/11/2021,30/09/2021,"SCP PIWNICA, MOLINIE",Décision,Plein contentieux,10ème chambre jugeant seule
450284,15/11/2021,28/10/2021,,Décision,Plein contentieux, 9ème chambre jugeant seule
450319,04/11/2021,30/09/2021,"SCP RICARD, BENDEL-VASSEUR, GHNASSIA",Décision,Excès de pouvoir,10ème chambre jugeant seule
450366,18/11/2021,25/10/2021,"SCP KRIVINE, VIAUD",Décision,Excès de pouvoir,10ème chambre jugeant seule
450377,22/11/2021,21/10/2021,,Décision,Plein contentieux, 8ème chambre jugeant seule
450388,10/11/2021,14/10/2021,,Décision,Plein contentieux, 5ème chambre jugeant seule
450401,10/11/2021,13/10/2021,HAAS,Décision,Plein contentieux,10ème et 9ème chambres réunies
450433,04/11/2021,14/10/2021,BALAT,Décision,Excès de pouvoir, 2ème chambre jugeant seule
450461,09/11/2021,14/10/2021,SAS CABINET BOULLOCHE,Décision,Excès de pouvoir,1ère chambre jugeant seule
450483,04/11/2021,30/09/2021,,Décision,Excès de pouvoir,10ème chambre jugeant seule
450484,22/11/2021,21/10/2021,KGA AVOCATS,Décision,Plein contentieux, 3ème chambre jugeant seule
450513,19/11/2021,04/11/2021,"SCP LYON-CAEN, THIRIEZ",Décision,Excès de pouvoir, 2ème chambre jugeant seule
450515,19/11/2021,04/11/2021,"SCP LYON-CAEN, THIRIEZ",Décision,Excès de pouvoir, 2ème chambre jugeant seule
450546,15/11/2021,28/10/2021,SCP DUHAMEL - RAMEIX - GURY- MAITRE,Décision,Plein contentieux, 9ème chambre jugeant seule
450548,17/11/2021,28/09/2021,"SCP NICOLAY, DE LANOUVELLE, HANNOTIN",Décision,Plein contentieux, 8ème chambre jugeant seule
450565,04/11/2021,14/10/2021,"SCP ROCHETEAU, UZAN-SARANO",Décision,Plein contentieux, 2ème chambre jugeant seule
450570,15/11/2021,28/10/2021,"THOUVENIN, COUDRAY, GREVY",Décision,Plein contentieux, 9ème chambre jugeant seule
450598,22/11/2021,21/10/2021,"SCP DELAMARRE, JEHANNIN",Décision,Plein contentieux, 3ème chambre jugeant seule
450609,04/11/2021,30/09/2021,"SCP BARADUC, DUHAMEL, RAMEIX",Décision,Excès de pouvoir,10ème chambre jugeant seule
450649,10/11/2021,21/10/2021,"SCP LYON-CAEN, THIRIEZ",Décision,Plein contentieux, 7ème chambre jugeant seule
450752,09/11/2021,18/10/2021,"SCP BAUER-VIOLAS, FESCHOTTE-DESBOIS, SEBAGH",Décision,Excès de pouvoir,2ème et 7ème chambres réunies
450760,22/11/2021,21/10/2021,"SCP ROCHETEAU, UZAN-SARANO",Décision,Plein contentieux, 8ème chambre jugeant seule
450763,22/11/2021,21/10/2021,"AUDE EVIN & FLORIAN BORG,AVOCATS ASSOCIÉS",Décision,Plein contentieux, 3ème chambre jugeant seule
450847,15/11/2021,28/10/2021,LE PRADO,Décision,Plein contentieux, 9ème chambre jugeant seule
450850,10/11/2021,14/10/2021,,Décision,Excès de pouvoir, 5ème chambre jugeant seule
450873,10/11/2021,14/10/2021,"SCP DE CHAISEMARTIN, DOUMIC-SEILLER",Décision,Excès de pouvoir, 5ème chambre jugeant seule
450899,10/11/2021,14/10/2021,,Décision,Excès de pouvoir, 5ème chambre jugeant seule
450922,16/11/2021,28/09/2021,"SCP BORE, SALVE DE BRUNETON, MEGRET",Décision,Plein contentieux, 8ème chambre jugeant seule
450925,16/11/2021,28/09/2021,"SCP BARADUC, DUHAMEL, RAMEIX",Décision,, 8ème chambre jugeant seule
450958,10/11/2021,14/10/2021,"SCP ROCHETEAU, UZAN-SARANO",Décision,, 5ème chambre jugeant seule
450959,22/11/2021,21/10/2021,CARBONNIER LAMAZE RASLE ET ASSOCIES,Décision,Plein contentieux, 3ème chambre jugeant seule
450970,08/11/2021,13/10/2021,DRAI ASSOCIÉS,Décision,Plein contentieux,3ème et 8ème chambres réunies
451001,10/11/2021,14/10/2021,,Décision,Plein contentieux, 5ème chambre jugeant seule
451030,22/11/2021,21/10/2021,MCL AVOCATS,Décision,Plein contentieux, 3ème chambre jugeant seule
451031,16/11/2021,14/10/2021,,Décision,Excès de pouvoir, 6ème chambre jugeant seule
451033,16/11/2021,14/10/2021,,Décision,Excès de pouvoir, 6ème chambre jugeant seule
451045,16/11/2021,28/09/2021,"SCP ROCHETEAU, UZAN-SARANO",Décision,Plein contentieux, 8ème chambre jugeant seule
451064,04/11/2021,14/10/2021,"SCP NICOLAY, DE LANOUVELLE, HANNOTIN",Décision,Excès de pouvoir, 2ème chambre jugeant seule
451066,04/11/2021,14/10/2021,,Décision,Excès de pouvoir, 2ème chambre jugeant seule
451135,16/11/2021,14/10/2021,,Décision,Contentieux des pensions, 6ème chambre jugeant seule
451145,16/11/2021,28/09/2021,CABINET BRIARD,Décision,Plein contentieux, 8ème chambre jugeant seule
451171,16/11/2021,28/09/2021,"SCP PIWNICA, MOLINIE",Décision,Plein contentieux, 8ème chambre jugeant seule
451180,16/11/2021,28/09/2021,"SCP THOUIN-PALAT, BOUCARD",Décision,Plein contentieux, 8ème chambre jugeant seule
451182,16/11/2021,28/09/2021,"SCP THOUIN-PALAT, BOUCARD",Décision,Plein contentieux, 8ème chambre jugeant seule
451185,15/11/2021,28/10/2021,,Décision,Plein contentieux, 9ème chambre jugeant seule
451194,04/11/2021,30/09/2021,CORLAY,Décision,Excès de pouvoir,10ème chambre jugeant seule
451196,22/11/2021,21/10/2021,"SARL MEIER-BOURDEAU, LECUYER ET ASSOCIES",Décision,Excès de pouvoir, 8ème chambre jugeant seule
451264,08/11/2021,13/10/2021,SELARL TUMERELLE,Décision,Autres,3ème et 8ème chambres réunies
451293,19/11/2021,04/11/2021,SCP MELKA-PRIGENT-DRUSCH,Décision,Excès de pouvoir, 2ème chambre jugeant seule
451305,19/11/2021,15/10/2021,CARBONNIER LAMAZE RASLE ET ASSOCIES,Décision,Plein contentieux, 4ème chambre jugeant seule
451326,22/11/2021,21/10/2021,,Décision,Excès de pouvoir, 8ème chambre jugeant seule
451372,04/11/2021,14/10/2021,"SCP FOUSSARD, FROGER",Décision,Plein contentieux, 2ème chambre jugeant seule
451374,04/11/2021,30/09/2021,,Décision,Plein contentieux,10ème chambre jugeant seule
451413,10/11/2021,14/10/2021,CABINET ROUSSEAU ET TAPIE,Décision,Excès de pouvoir, 5ème chambre jugeant seule
451415,09/11/2021,14/10/2021,,Décision,Excès de pouvoir,1ère chambre jugeant seule
451421,10/11/2021,14/10/2021,,Décision,Excès de pouvoir, 5ème chambre jugeant seule
451426,16/11/2021,14/10/2021,,Décision,Excès de pouvoir, 6ème chambre jugeant seule
451462,10/11/2021,21/10/2021,,Décision,Excès de pouvoir, 7ème chambre jugeant seule
451507,09/11/2021,14/10/2021,,Décision,Excès de pouvoir,1ère chambre jugeant seule
451512,16/11/2021,14/10/2021,SCP LE BRET-DESACHE,Décision,Plein contentieux, 6ème chambre jugeant seule
451514,16/11/2021,14/10/2021,,Décision,Plein contentieux, 6ème chambre jugeant seule
451551,16/11/2021,14/10/2021,,Décision,Excès de pouvoir, 6ème chambre jugeant seule
451597,04/11/2021,14/10/2021,KONAN CALIXTE,Décision,Excès de pouvoir, 2ème chambre jugeant seule
451621,15/11/2021,28/10/2021,,Décision,Plein contentieux, 9ème chambre jugeant seule
451623,15/11/2021,28/10/2021,,Décision,Plein contentieux, 9ème chambre jugeant seule
451626,04/11/2021,30/09/2021,,Décision,Plein contentieux,10ème chambre jugeant seule
451638,16/11/2021,14/10/2021,,Décision,Plein contentieux, 6ème chambre jugeant seule
451671,19/11/2021,21/10/2021,,Décision,Excès de pouvoir,10ème chambre jugeant seule
451708,04/11/2021,30/09/2021,,Décision,Excès de pouvoir,10ème chambre jugeant seule
451720,23/11/2021,15/10/2021,LE PRADO,Décision,Excès de pouvoir, 4ème chambre jugeant seule
451723,16/11/2021,14/10/2021,,Décision,Excès de pouvoir, 6ème chambre jugeant seule
451740,16/11/2021,28/09/2021,OCCHIPINTI,Décision,, 8ème chambre jugeant seule
451755,19/11/2021,21/10/2021,"SCP ROCHETEAU, UZAN-SARANO",Décision,Excès de pouvoir,10ème chambre jugeant seule
451764,04/11/2021,30/09/2021,,Décision,Plein contentieux,10ème chambre jugeant seule
451783,16/11/2021,28/09/2021,,Décision,, 8ème chambre jugeant seule
451789,23/11/2021,15/10/2021,,Décision,Plein contentieux, 4ème chambre jugeant seule
451790,09/11/2021,14/10/2021,"SCP LYON-CAEN, THIRIEZ",Décision,Excès de pouvoir,1ère chambre jugeant seule
451826,04/11/2021,14/10/2021,PLAGNOL,Décision,Excès de pouvoir, 2ème chambre jugeant seule
451855,16/11/2021,28/09/2021,SARL DIDIER-PINET,Décision,, 8ème chambre jugeant seule
451860,15/11/2021,28/10/2021,,Décision,Plein contentieux, 9ème chambre jugeant seule
451877,23/11/2021,15/10/2021,,Décision,Excès de pouvoir, 4ème chambre jugeant seule
451893,09/11/2021,14/10/2021,SCP SPINOSI,Décision,Excès de pouvoir,1ère chambre jugeant seule
451952,24/11/2021,08/10/2021,"SCP ZRIBI, TEXIER",Décision,Excès de pouvoir, 4ème chambre jugeant seule
451954,22/11/2021,21/10/2021,"SCP GATINEAU, FATTACCINI, REBEYROL",Décision,Plein contentieux, 8ème chambre jugeant seule
451961,09/11/2021,14/10/2021,SCP BUK LAMENT - ROBILLOT,Décision,Excès de pouvoir,1ère chambre jugeant seule
451962,19/11/2021,10/11/2021,CABINET ROUSSEAU ET TAPIE,Décision,Plein contentieux,7ème et 2ème chambres réunies
451971,18/11/2021,25/10/2021,LANFRANCHI PANCRAZI,Décision,,10ème chambre jugeant seule
451978,09/11/2021,14/10/2021,,Décision,Excès de pouvoir,1ère chambre jugeant seule
451999,24/11/2021,08/10/2021,"SCP OHL, VEXLIARD",Décision,Excès de pouvoir, 4ème chambre jugeant seule
452027,24/11/2021,08/10/2021,SCP BUK LAMENT - ROBILLOT,Décision,Excès de pouvoir, 4ème chambre jugeant seule
452030,24/11/2021,08/10/2021,"SCP SEVAUX, MATHONNET",Décision,Excès de pouvoir, 4ème chambre jugeant seule
452072,10/11/2021,21/10/2021,,Décision,Excès de pouvoir, 7ème chambre jugeant seule
452143,04/11/2021,30/09/2021,SCP LESOURD,Décision,Plein contentieux,10ème chambre jugeant seule
452155,04/11/2021,30/09/2021,SOLTNER,Décision,Plein contentieux,10ème chambre jugeant seule
452259,10/11/2021,21/10/2021,,Décision,Excès de pouvoir, 7ème chambre jugeant seule
452267,09/11/2021,14/10/2021,,Décision,Plein contentieux,1ère chambre jugeant seule
452313,18/11/2021,08/10/2021,,Décision,Excès de pouvoir, 4ème chambre jugeant seule
452314,10/11/2021,21/10/2021,,Décision,Excès de pouvoir, 7ème chambre jugeant seule
452337,04/11/2021,30/09/2021,,Décision,Plein contentieux,10ème chambre jugeant seule
452348,22/11/2021,21/10/2021,,Décision,Excès de pouvoir, 3ème chambre jugeant seule
452460,23/11/2021,15/10/2021,"SCP ROCHETEAU, UZAN-SARANO",Décision,Plein contentieux, 4ème chambre jugeant seule
452472,22/11/2021,21/10/2021,CABINET BRIARD,Décision,Plein contentieux, 8ème chambre jugeant seule
452477,22/11/2021,21/10/2021,,Décision,Excès de pouvoir, 3ème chambre jugeant seule
452507,22/11/2021,21/10/2021,CABINET MUNIER-APAIRE,Décision,Plein contentieux, 8ème chambre jugeant seule
452516,04/11/2021,14/10/2021,"SCP MARLANGE, DE LA BURGADE",Décision,Excès de pouvoir, 2ème chambre jugeant seule
452533,23/11/2021,15/10/2021,SCP DUHAMEL - RAMEIX - GURY- MAITRE,Décision,Plein contentieux, 4ème chambre jugeant seule
452582,09/11/2021,14/10/2021,SARL ORTSCHEIDT,Décision,Excès de pouvoir,1ère chambre jugeant seule
452610,10/11/2021,21/10/2021,,Décision,Plein contentieux, 7ème chambre jugeant seule
452625,04/11/2021,14/10/2021,,Décision,Excès de pouvoir, 2ème chambre jugeant seule
452646,16/11/2021,21/10/2021,"SCP DE CHAISEMARTIN, DOUMIC-SEILLER",Décision,Plein contentieux,10ème chambre jugeant seule
452674,22/11/2021,21/10/2021,,Décision,Plein contentieux, 3ème chambre jugeant seule
452676,22/11/2021,21/10/2021,"THOUVENIN, COUDRAY, GREVY",Décision,, 3ème chambre jugeant seule
452692,22/11/2021,21/10/2021,,Décision,Plein contentieux, 3ème chambre jugeant seule
452723,18/11/2021,25/10/2021,,Décision,Rectif. d'erreur matérielle,10ème chambre jugeant seule
452724,22/11/2021,21/10/2021,,Décision,Plein contentieux, 3ème chambre jugeant seule
452768,09/11/2021,14/10/2021,LE PRADO,Décision,Excès de pouvoir,1ère chambre jugeant seule
452785,09/11/2021,14/10/2021,,Décision,Excès de pouvoir,1ère chambre jugeant seule
452879,10/11/2021,14/10/2021,"SCP RICARD, BENDEL-VASSEUR, GHNASSIA",Décision,Excès de pouvoir, 5ème chambre jugeant seule
452893,22/11/2021,21/10/2021,"THOUVENIN, COUDRAY, GREVY",Décision,Excès de pouvoir, 3ème chambre jugeant seule
452907,10/11/2021,21/10/2021,"THOUVENIN, COUDRAY, GREVY",Décision,Excès de pouvoir, 7ème chambre jugeant seule
452950,09/11/2021,14/10/2021,SCP SPINOSI,Décision,Excès de pouvoir,1ère chambre jugeant seule
452952,15/11/2021,22/10/2021,SARL DIDIER-PINET,Décision,Plein contentieux,8ème et 3ème chambres réunies
452956,09/11/2021,14/10/2021,SCP SPINOSI,Décision,Excès de pouvoir,1ère chambre jugeant seule
452960,09/11/2021,14/10/2021,SCP SPINOSI,Décision,Excès de pouvoir,1ère chambre jugeant seule
453022,15/11/2021,22/10/2021,SCP LESOURD,Décision,Plein contentieux,8ème et 3ème chambres réunies
453026,22/11/2021,21/10/2021,,Décision,Plein contentieux, 3ème chambre jugeant seule
453062,04/11/2021,30/09/2021,,Décision,Excès de pouvoir,10ème chambre jugeant seule
453068,04/11/2021,30/09/2021,"SCP BARADUC, DUHAMEL, RAMEIX",Décision,Plein contentieux,10ème chambre jugeant seule
453081,18/11/2021,25/10/2021,SCP DUHAMEL - RAMEIX - GURY- MAITRE,Décision,Plein contentieux,10ème chambre jugeant seule
453104,19/11/2021,21/10/2021,"SCP WAQUET, FARGE, HAZAN",Décision,Plein contentieux,10ème chambre jugeant seule
453129,18/11/2021,25/10/2021,CABINET BRIARD,Décision,Plein contentieux,10ème chambre jugeant seule
453244,15/11/2021,22/10/2021,"SCP FOUSSARD, FROGER",Décision,Excès de pouvoir,8ème et 3ème chambres réunies
453251,22/11/2021,21/10/2021,,Décision,Plein contentieux, 8ème chambre jugeant seule
453288,09/11/2021,14/10/2021,"SCP MARLANGE, DE LA BURGADE",Décision,,1ère chambre jugeant seule
453315,22/11/2021,08/10/2021,PARISOT,Décision,Rectif. d'erreur matérielle, 4ème chambre jugeant seule
453424,10/11/2021,21/10/2021,"SCP PIWNICA, MOLINIE",Décision,, 7ème chambre jugeant seule
453438,10/11/2021,14/10/2021,,Décision,Excès de pouvoir, 5ème chambre jugeant seule
453514,19/11/2021,21/10/2021,,Décision,Plein contentieux,10ème chambre jugeant seule
453522,04/11/2021,30/09/2021,,Décision,Plein contentieux,10ème chambre jugeant seule
453534,18/11/2021,08/10/2021,LE PRADO,Décision,Autres, 4ème chambre jugeant seule
453539,04/11/2021,30/09/2021,"SCP NICOLAY, DE LANOUVELLE, HANNOTIN",Décision,Excès de pouvoir,10ème chambre jugeant seule
453555,10/11/2021,21/10/2021,,Décision,Plein contentieux, 7ème chambre jugeant seule
453579,22/11/2021,21/10/2021,OCCHIPINTI,Décision,Plein contentieux, 8ème chambre jugeant seule
453581,19/11/2021,21/10/2021,"SCP PIWNICA, MOLINIE",Décision,Plein contentieux,10ème chambre jugeant seule
453612,22/11/2021,21/10/2021,,Décision,Plein contentieux, 3ème chambre jugeant seule
453758,04/11/2021,30/09/2021,,Décision,Plein contentieux,10ème chambre jugeant seule
453772,23/11/2021,15/10/2021,,Décision,Plein contentieux, 4ème chambre jugeant seule
453798,22/11/2021,09/11/2021,,Décision,Plein contentieux, 8ème chambre jugeant seule
453907,10/11/2021,21/10/2021,"SCP CELICE, TEXIDOR, PERIER",Décision,, 7ème chambre jugeant seule
453941,22/11/2021,21/10/2021,BLANCHETIER,Décision,Plein contentieux, 8ème chambre jugeant seule
453976,16/11/2021,14/10/2021,GOLDMAN,Décision,Plein contentieux, 6ème chambre jugeant seule
454069,04/11/2021,30/09/2021,DEPORCQ DOMINIQUE;MIGNOT AMAURY,Décision,Plein contentieux,10ème chambre jugeant seule
454079,19/11/2021,04/11/2021,CORLAY,Décision,Excès de pouvoir, 2ème chambre jugeant seule
454088,10/11/2021,21/10/2021,BALAT,Décision,Excès de pouvoir, 7ème chambre jugeant seule
454105,15/11/2021,22/10/2021,SULLIVAN ET CROMWELL,Décision,Excès de pouvoir,8ème et 3ème chambres réunies
454125,15/11/2021,22/10/2021,SCP DUHAMEL - RAMEIX - GURY- MAITRE,Décision,Autres,8ème et 3ème chambres réunies
454183,22/11/2021,21/10/2021,SOLTNER,Décision,Excès de pouvoir, 3ème chambre jugeant seule
454334,19/11/2021,15/10/2021,"SCP MATUCHANSKY, POUPOT, VALDELIEVRE",Décision,Plein contentieux, 4ème chambre jugeant seule
454639,18/11/2021,25/10/2021,,Décision,Excès de pouvoir,10ème chambre jugeant seule
454699,19/11/2021,20/10/2021,,Décision,Autres,1ère - 4ème chambres réunies
454700,22/11/2021,21/10/2021,"SCP PIWNICA, MOLINIE",Décision,Plein contentieux, 3ème chambre jugeant seule
454796,16/11/2021,14/10/2021,,Décision,Excès de pouvoir, 6ème chambre jugeant seule
454824,22/11/2021,21/10/2021,,Décision,Excès de pouvoir, 3ème chambre jugeant seule
454927,08/11/2021,13/10/2021,,Décision,Excès de pouvoir,10ème et 9ème chambres réunies
455012,19/11/2021,05/11/2021,,Décision,Plein contentieux,1ère chambre jugeant seule
455101,04/11/2021,30/09/2021,,Décision,Excès de pouvoir,10ème chambre jugeant seule
455115,10/11/2021,14/10/2021,"SCP DELAMARRE, JEHANNIN",Décision,Excès de pouvoir, 5ème chambre jugeant seule
455155,24/11/2021,15/11/2021,"THOUVENIN, COUDRAY, GREVY",Décision,Excès de pouvoir,4ème et 1ère chambres réunies
455235,24/11/2021,08/10/2021,,Décision,Excès de pouvoir, 4ème chambre jugeant seule
455327,04/11/2021,30/09/2021,SCP BUK LAMENT - ROBILLOT,Décision,Excès de pouvoir,10ème chambre jugeant seule
455421,08/11/2021,13/10/2021,SEBAN ET ASSOCIES,Décision,Autres,10ème et 9ème chambres réunies
455529,04/11/2021,30/09/2021,"SCP DELAMARRE, JEHANNIN",Décision,Excès de pouvoir,10ème chambre jugeant seule
455530,19/11/2021,21/10/2021,PRIGENT,Décision,Excès de pouvoir,10ème chambre jugeant seule
455891,22/11/2021,09/11/2021,QUINN EMANUEL URQUHART & SULLIVAN UK LLP (PARIS),Décision,Autres, 8ème chambre jugeant seule
455929,19/11/2021,15/10/2021,SCP MELKA-PRIGENT-DRUSCH,Décision,Autres, 4ème chambre jugeant seule
456139,10/11/2021,13/10/2021,SARL DELVOLVE ET TRICHET,Décision,Excès de pouvoir,10ème et 9ème chambres réunies
456639,19/11/2021,15/10/2021,"THOUVENIN, COUDRAY, GREVY",Décision,Autres, 4ème chambre jugeant seule
456924,22/11/2021,21/10/2021,"SCP SEVAUX, MATHONNET",Décision,Excès de pouvoir,Juge des référés
457053,24/11/2021,19/10/2021,,Décision,Excès de pouvoir,Juge des référés
457346,02/11/2021,22/10/2021,SCP GUÉRIN - GOUGEON,Décision,Excès de pouvoir,Juge des référés
457360,19/11/2021,21/10/2021,,Décision,Excès de pouvoir,10ème chambre jugeant seule
457399,16/11/2021,08/11/2021,"SCP OHL, VEXLIARD",Décision,Excès de pouvoir,Juge des référés
457429,08/11/2021,,,Décision,Excès de pouvoir,
457441,08/11/2021,25/10/2021,"SCP FABIANI, LUC-THALER, PINATEL",Décision,Excès de pouvoir,Juge des référés
457445,05/11/2021,,,Décision,Excès de pouvoir,
457559,02/11/2021,26/10/2021,"SCP GADIOU, CHEVALLIER",Décision,Excès de pouvoir,Juge des référés
457686,16/11/2021,,,Décision,Excès de pouvoir,
457687,16/11/2021,04/11/2021,"SCP GATINEAU, FATTACCINI, REBEYROL",Décision,Excès de pouvoir,Juge des référés
457726,19/11/2021,16/11/2021,,Décision,Excès de pouvoir,Juge des référés
457743,16/11/2021,12/11/2021,BOURREL,Décision,Plein contentieux,Juge des référés
457748,08/11/2021,,,Décision,Plein contentieux,
457833,04/11/2021,,,Décision,Excès de pouvoir,
457883,04/11/2021,28/10/2021,CHARLOT CHRISTINE,Décision,Plein contentieux,Juge des référés
457924,05/11/2021,,,Décision,Excès de pouvoir,
457995,10/11/2021,,,Décision,Plein contentieux,
458008,23/11/2021,18/11/2021,"SARL MEIER-BOURDEAU, LECUYER ET ASSOCIES",Décision,Excès de pouvoir,Juge des référés
458056,19/11/2021,12/11/2021,,Décision,Plein contentieux,Juge des référés
458085,16/11/2021,,,Décision,Excès de pouvoir,
458092,22/11/2021,,OGIER,Décision,Excès de pouvoir,
458104,19/11/2021,,"SCP OHL, VEXLIARD",Décision,Plein contentieux,
458107,24/11/2021,15/11/2021,"SCP PIWNICA, MOLINIE",Décision,Excès de pouvoir,Juge des référés
458178,16/11/2021,,,Décision,Excès de pouvoir,
458186,08/11/2021,,,Décision,Excès de pouvoir,
458216,17/11/2021,,,Décision,Excès de pouvoir,
458259,17/11/2021,,,Décision,Excès de pouvoir,
458265,23/11/2021,17/11/2021,"SCP PIWNICA, MOLINIE",Décision,Plein contentieux,Juge des référés
458273,12/11/2021,,,Décision,Excès de pouvoir,
458302,22/11/2021,,FEDARC,Décision,Excès de pouvoir,
458306,18/11/2021,,,Décision,Plein contentieux,
458345,16/11/2021,,,Décision,Excès de pouvoir,
458346,16/11/2021,,,Décision,Excès de pouvoir,
458393,18/11/2021,,,Décision,Excès de pouvoir,
458472,24/11/2021,23/11/2021,"SCP MATUCHANSKY, POUPOT, VALDELIEVRE",Décision,Excès de pouvoir,Juge des référés
458564,23/11/2021,,,Décision,Excès de pouvoir,
434633,03/11/2021,,"THOUVENIN, COUDRAY, GREVY",Ordonnance,Excès de pouvoir, 4ème chambre
439713,03/11/2021,,SARL DELVOLVE ET TRICHET,Ordonnance,Plein contentieux, 4ème chambre
441202,15/11/2021,,SCP BUK LAMENT - ROBILLOT,Ordonnance,Plein contentieux, 6ème chambre
442881,09/11/2021,,SCP DUHAMEL - RAMEIX - GURY- MAITRE,Ordonnance,Plein contentieux, 9ème chambre
442886,09/11/2021,,SCP DUHAMEL - RAMEIX - GURY- MAITRE,Ordonnance,Plein contentieux, 9ème chambre
443850,15/11/2021,,"SCP MATUCHANSKY, POUPOT, VALDELIEVRE",Ordonnance,Plein contentieux, 4ème chambre
443852,15/11/2021,,"SCP GATINEAU, FATTACCINI, REBEYROL",Ordonnance,Plein contentieux, 4ème chambre
444724,18/11/2021,,MARET,Ordonnance,Plein contentieux, 5ème chambre
444730,03/11/2021,,"SCP MATUCHANSKY, POUPOT, VALDELIEVRE",Ordonnance,Plein contentieux, 4ème chambre
445033,03/11/2021,,"SCP LYON-CAEN, THIRIEZ",Ordonnance,Plein contentieux, 4ème chambre
445373,22/11/2021,,"SCP LYON-CAEN, THIRIEZ",Ordonnance,Plein contentieux, 9ème chambre
447432,03/11/2021,,"SCP MATUCHANSKY, POUPOT, VALDELIEVRE",Ordonnance,Plein contentieux, 4ème chambre
447496,17/11/2021,,DESCORPS-DECLÈRE,Ordonnance,Excès de pouvoir, 4ème chambre
447904,16/11/2021,,SCP SPINOSI,Ordonnance,Excès de pouvoir, 6ème chambre
447914,15/11/2021,,,Ordonnance,Plein contentieux, 4ème chambre
448065,15/11/2021,,LE PRADO,Ordonnance,Plein contentieux, 4ème chambre
448461,04/11/2021,,,Ordonnance,Rectif. d'erreur matérielle, 7ème chambre
448645,15/11/2021,,"THOUVENIN, COUDRAY, GREVY",Ordonnance,Plein contentieux, 4ème chambre
449248,03/11/2021,,"SCP BOUZIDI, BOUHANNA",Ordonnance,Autres, 4ème chambre
449367,15/11/2021,,"THOUVENIN, COUDRAY, GREVY",Ordonnance,Plein contentieux, 4ème chambre
449674,03/11/2021,,,Ordonnance,Excès de pouvoir, 4ème chambre
449725,15/11/2021,,"SCP MATUCHANSKY, POUPOT, VALDELIEVRE",Ordonnance,Plein contentieux, 4ème chambre
449809,08/11/2021,,,Ordonnance,Plein contentieux, 9ème chambre
449949,03/11/2021,,SCP RICHARD,Ordonnance,Plein contentieux, 4ème chambre
450055,15/11/2021,,"SCP MATUCHANSKY, POUPOT, VALDELIEVRE",Ordonnance,Excès de pouvoir, 6ème chambre
450462,17/11/2021,,"THOUVENIN, COUDRAY, GREVY",Ordonnance,Excès de pouvoir, 7ème chambre
450813,03/11/2021,,"THOUVENIN, COUDRAY, GREVY",Ordonnance,Excès de pouvoir, 1ère chambre
450813,09/11/2021,,"THOUVENIN, COUDRAY, GREVY",Ordonnance,Excès de pouvoir, 1ère chambre
450990,03/11/2021,,"SCP WAQUET, FARGE, HAZAN",Ordonnance,Plein contentieux, 1ère chambre
451058,16/11/2021,,,Ordonnance,Plein contentieux, 6ème chambre
451208,15/11/2021,,,Ordonnance,Plein contentieux, 4ème chambre
451360,24/11/2021,,,Ordonnance,Plein contentieux, 2ème chambre
451578,18/11/2021,,,Ordonnance,Excès de pouvoir, 5ème chambre
451894,22/11/2021,,"SCP ZRIBI, TEXIER",Ordonnance,Excès de pouvoir, 2ème chambre
452047,03/11/2021,,,Ordonnance,Excès de pouvoir, 1ère chambre
452102,16/11/2021,,GAUCHE,Ordonnance,Plein contentieux, 9ème chambre
452208,03/11/2021,,"SCP MATUCHANSKY, POUPOT, VALDELIEVRE",Ordonnance,Plein contentieux, 4ème chambre
452279,03/11/2021,,"SCP MATUCHANSKY, POUPOT, VALDELIEVRE",Ordonnance,Plein contentieux, 4ème chambre
452415,04/11/2021,,,Ordonnance,Excès de pouvoir, 7ème chambre
452493,02/11/2021,,LE PRADO,Ordonnance,Excès de pouvoir, 1ère chambre
452498,16/11/2021,,"SCP LYON-CAEN, THIRIEZ",Ordonnance,Excès de pouvoir, 6ème chambre
452539,17/11/2021,,BOUTHORS,Ordonnance,Plein contentieux, 4ème chambre
452546,16/11/2021,,GARET,Ordonnance,Plein contentieux, 1ère chambre
452932,02/11/2021,,,Ordonnance,Excès de pouvoir, 1ère chambre
452972,18/11/2021,,,Ordonnance,Excès de pouvoir, 5ème chambre
452989,18/11/2021,,,Ordonnance,Plein contentieux, 5ème chambre
453083,03/11/2021,,"SCP MATUCHANSKY, POUPOT, VALDELIEVRE",Ordonnance,Plein contentieux, 4ème chambre
453126,17/11/2021,,,Ordonnance,Excès de pouvoir, 7ème chambre
453448,15/11/2021,,,Ordonnance,Excès de pouvoir, 4ème chambre
453459,16/11/2021,,,Ordonnance,Rectif. d'erreur matérielle, 6ème chambre
453548,24/11/2021,,,Ordonnance,Excès de pouvoir, 2ème chambre
453588,03/11/2021,,,Ordonnance,Plein contentieux, 4ème chambre
453765,04/11/2021,,,Ordonnance,Plein contentieux, 1ère chambre
453853,22/11/2021,,,Ordonnance,Excès de pouvoir, 2ème chambre
453885,02/11/2021,,,Ordonnance,Plein contentieux, 2ème chambre
453993,16/11/2021,,,Ordonnance,Excès de pouvoir, 6ème chambre
454044,15/11/2021,,,Ordonnance,Autres, 4ème chambre
454060,16/11/2021,,,Ordonnance,Excès de pouvoir, 6ème chambre
454061,02/11/2021,,"SCP DELAMARRE, JEHANNIN",Ordonnance,Excès de pouvoir, 1ère chambre
454098,02/11/2021,,,Ordonnance,Plein contentieux, 1ère chambre
454122,17/11/2021,,DAUMONT,Ordonnance,Plein contentieux, 1ère chambre
454186,04/11/2021,,"SCP LYON-CAEN, THIRIEZ",Ordonnance,Plein contentieux, 7ème chambre
454202,02/11/2021,,,Ordonnance,Plein contentieux, 2ème chambre
454261,18/11/2021,,,Ordonnance,Excès de pouvoir, 5ème chambre
454395,03/11/2021,,SAID MOHAMED,Ordonnance,Excès de pouvoir, 2ème chambre
454420,15/11/2021,,"SCP MATUCHANSKY, POUPOT, VALDELIEVRE",Ordonnance,Plein contentieux, 4ème chambre
454454,24/11/2021,,,Ordonnance,Plein contentieux, 2ème chambre
454509,02/11/2021,,,Ordonnance,Plein contentieux, 2ème chambre
454518,16/11/2021,,,Ordonnance,Plein contentieux, 6ème chambre
454631,16/11/2021,,,Ordonnance,Excès de pouvoir, 6ème chambre
454726,18/11/2021,,,Ordonnance,Excès de pouvoir, 5ème chambre
454727,16/11/2021,,,Ordonnance,Contentieux des pensions, 6ème chambre
454736,15/11/2021,,,Ordonnance,Excès de pouvoir, 4ème chambre
454870,18/11/2021,,,Ordonnance,Excès de pouvoir, 5ème chambre
454940,17/11/2021,,,Ordonnance,Excès de pouvoir, 4ème chambre
454959,04/11/2021,,,Ordonnance,, 7ème chambre
454972,02/11/2021,,,Ordonnance,Plein contentieux, 2ème chambre
455019,24/11/2021,,,Ordonnance,Plein contentieux, 2ème chambre
455083,04/11/2021,,,Ordonnance,Excès de pouvoir, 1ère chambre
455091,15/11/2021,,,Ordonnance,Excès de pouvoir, 4ème chambre
455135,24/11/2021,,,Ordonnance,Excès de pouvoir, 2ème chambre
455162,17/11/2021,,"SCP CELICE, TEXIDOR, PERIER",Ordonnance,Plein contentieux, 7ème chambre
455202,16/11/2021,,ABEILLE & ASSOCIES,Ordonnance,Plein contentieux, 6ème chambre
455203,17/11/2021,,,Ordonnance,Plein contentieux, 7ème chambre
455205,17/11/2021,,BERTIN,Ordonnance,Excès de pouvoir, 1ère chambre
455215,16/11/2021,,,Ordonnance,Excès de pouvoir, 6ème chambre
455216,16/11/2021,,,Ordonnance,Excès de pouvoir, 6ème chambre
455217,16/11/2021,,,Ordonnance,Excès de pouvoir, 6ème chambre
455218,16/11/2021,,,Ordonnance,Excès de pouvoir, 6ème chambre
455219,16/11/2021,,,Ordonnance,Excès de pouvoir, 6ème chambre
455220,16/11/2021,,,Ordonnance,Excès de pouvoir, 6ème chambre
455221,16/11/2021,,ABEILLE & ASSOCIES,Ordonnance,Excès de pouvoir, 6ème chambre
455222,04/11/2021,,,Ordonnance,Excès de pouvoir, 1ère chambre
455223,16/11/2021,,,Ordonnance,Excès de pouvoir, 6ème chambre
455224,16/11/2021,,,Ordonnance,Excès de pouvoir, 6ème chambre
455225,16/11/2021,,,Ordonnance,Excès de pouvoir, 6ème chambre
455226,16/11/2021,,,Ordonnance,Excès de pouvoir, 6ème chambre
455227,16/11/2021,,,Ordonnance,Excès de pouvoir, 6ème chambre
455228,16/11/2021,,,Ordonnance,Excès de pouvoir, 6ème chambre
455229,16/11/2021,,,Ordonnance,Excès de pouvoir, 6ème chambre
455230,16/11/2021,,,Ordonnance,Excès de pouvoir, 6ème chambre
455302,02/11/2021,,SCP BOUTET-HOURDEAUX,Ordonnance,Plein contentieux, 2ème chambre
455313,16/11/2021,,,Ordonnance,Excès de pouvoir, 6ème chambre
455506,18/11/2021,,,Ordonnance,Excès de pouvoir, 5ème chambre
455531,08/11/2021,,,Ordonnance,Plein contentieux, 2ème chambre
455561,22/11/2021,,BRANCO,Ordonnance,Excès de pouvoir, 2ème chambre
455578,03/11/2021,,SAS CABINET BOULLOCHE,Ordonnance,Excès de pouvoir, 2ème chambre
455584,04/11/2021,,,Ordonnance,Excès de pouvoir, 7ème chambre
455591,17/11/2021,,,Ordonnance,Plein contentieux, 1ère chambre
455609,04/11/2021,,SCP BUK LAMENT - ROBILLOT,Ordonnance,Excès de pouvoir, 7ème chambre
455625,24/11/2021,,SARL DELVOLVE ET TRICHET,Ordonnance,Plein contentieux, 2ème chambre
455644,16/11/2021,,,Ordonnance,Excès de pouvoir, 6ème chambre
455675,24/11/2021,,,Ordonnance,Plein contentieux, 2ème chambre
455686,02/11/2021,,,Ordonnance,Excès de pouvoir, 1ère chambre
455757,17/11/2021,,NIZARI,Ordonnance,Excès de pouvoir, 7ème chambre
455771,16/11/2021,,,Ordonnance,Excès de pouvoir, 6ème chambre
455940,17/11/2021,,,Ordonnance,Excès de pouvoir, 4ème chambre
456109,02/11/2021,,,Ordonnance,Plein contentieux, 2ème chambre
456115,04/11/2021,,,Ordonnance,Excès de pouvoir, 7ème chambre
456118,16/11/2021,,,Ordonnance,Excès de pouvoir, 6ème chambre
456132,02/11/2021,,DIMINO,Ordonnance,Excès de pouvoir, 2ème chambre
456173,04/11/2021,,,Ordonnance,Excès de pouvoir, 7ème chambre
456174,04/11/2021,,,Ordonnance,Excès de pouvoir, 7ème chambre
456241,02/11/2021,,,Ordonnance,Plein contentieux, 2ème chambre
456244,24/11/2021,,,Ordonnance,Plein contentieux, 2ème chambre
456336,02/11/2021,,,Ordonnance,Excès de pouvoir, 1ère chambre
456381,08/11/2021,,,Ordonnance,Plein contentieux, 2ème chambre
456547,18/11/2021,,"SCP SEVAUX, MATHONNET",Ordonnance,Excès de pouvoir, 5ème chambre
456559,24/11/2021,,,Ordonnance,Plein contentieux, 2ème chambre
456564,24/11/2021,,,Ordonnance,Plein contentieux, 2ème chambre
456604,02/11/2021,,,Ordonnance,Plein contentieux, 2ème chambre
456614,02/11/2021,,,Ordonnance,Plein contentieux, 2ème chambre
456628,24/11/2021,,,Ordonnance,Plein contentieux, 2ème chambre
456685,24/11/2021,,,Ordonnance,Plein contentieux, 2ème chambre
456731,08/11/2021,,,Ordonnance,Plein contentieux, 2ème chambre
456773,08/11/2021,,,Ordonnance,Plein contentieux, 2ème chambre
456796,22/11/2021,,,Ordonnance,Recours en révision, 2ème chambre
456804,08/11/2021,,,Ordonnance,Plein contentieux, 2ème chambre
456837,09/11/2021,,,Ordonnance,Plein contentieux, 2ème chambre
456839,24/11/2021,,,Ordonnance,Plein contentieux, 2ème chambre
456841,02/11/2021,,,Ordonnance,Plein contentieux, 2ème chambre
456922,09/11/2021,,,Ordonnance,Excès de pouvoir, 2ème chambre
456945,04/11/2021,,,Ordonnance,Excès de pouvoir, 1ère chambre
456970,09/11/2021,,,Ordonnance,Plein contentieux, 2ème chambre
456976,09/11/2021,,,Ordonnance,Plein contentieux, 2ème chambre
456994,12/11/2021,,SIRAT NESSIM,Ordonnance,Plein contentieux, 9ème chambre
457006,15/11/2021,,,Ordonnance,Excès de pouvoir,Section du Contentieux
457061,24/11/2021,,,Ordonnance,Plein contentieux, 2ème chambre
457068,24/11/2021,,,Ordonnance,Plein contentieux, 2ème chambre
457096,18/11/2021,,,Ordonnance,Excès de pouvoir, 5ème chambre
457098,24/11/2021,,,Ordonnance,Plein contentieux, 2ème chambre
457148,14/11/2021,,,Ordonnance,Excès de pouvoir, 7ème chambre
457159,15/11/2021,,"SCP DELAMARRE, JEHANNIN",Ordonnance,Autres, 4ème chambre
457169,24/11/2021,,,Ordonnance,Plein contentieux, 2ème chambre
457173,24/11/2021,,,Ordonnance,Plein contentieux, 2ème chambre
457200,15/11/2021,,,Ordonnance,Plein contentieux, 4ème chambre
457208,24/11/2021,,,Ordonnance,Plein contentieux, 2ème chambre
457209,24/11/2021,,,Ordonnance,Plein contentieux, 2ème chambre
457212,24/11/2021,,,Ordonnance,Plein contentieux, 2ème chambre
457224,24/11/2021,,,Ordonnance,Plein contentieux, 2ème chambre
457298,02/11/2021,,,Ordonnance,Plein contentieux, 2ème chambre
457307,09/11/2021,,,Ordonnance,Excès de pouvoir, 2ème chambre
457327,17/11/2021,,HIGNARD JULIETTE,Ordonnance,Excès de pouvoir, 7ème chambre
457426,02/11/2021,,,Ordonnance,Plein contentieux, 2ème chambre
457461,16/11/2021,,,Ordonnance,Excès de pouvoir, 6ème chambre
457463,02/11/2021,,,Ordonnance,Plein contentieux, 2ème chambre
457470,17/11/2021,,,Ordonnance,Excès de pouvoir, 7ème chambre
457472,24/11/2021,,SCP GUÉRIN - GOUGEON,Ordonnance,Excès de pouvoir, 2ème chambre
457477,17/11/2021,,BOCHNAKIAN LARRIEU-SANS,Ordonnance,Excès de pouvoir, 7ème chambre
457481,02/11/2021,,,Ordonnance,Excès de pouvoir, 2ème chambre
457489,09/11/2021,,,Ordonnance,Excès de pouvoir, 2ème chambre
457500,02/11/2021,,,Ordonnance,Excès de pouvoir, 2ème chambre
457567,02/11/2021,,,Ordonnance,Excès de pouvoir, 2ème chambre
457588,17/11/2021,,,Ordonnance,Excès de pouvoir,Bureau des référés
457609,02/11/2021,,,Ordonnance,Plein contentieux, 2ème chambre
457624,16/11/2021,,,Ordonnance,Excès de pouvoir, 6ème chambre
457716,10/11/2021,,,Ordonnance,Excès de pouvoir, 2ème chambre
457758,05/11/2021,,,Ordonnance,Excès de pouvoir,Bureau des référés
457764,10/11/2021,,,Ordonnance,Excès de pouvoir, 2ème chambre
457792,10/11/2021,,,Ordonnance,Excès de pouvoir, 2ème chambre
457794,10/11/2021,,,Ordonnance,Excès de pouvoir, 2ème chambre
457803,16/11/2021,,,Ordonnance,Plein contentieux, 9ème chambre
457808,10/11/2021,,,Ordonnance,Excès de pouvoir, 2ème chambre
457871,24/11/2021,,,Ordonnance,Excès de pouvoir, 2ème chambre
457918,24/11/2021,,,Ordonnance,Excès de pouvoir, 2ème chambre
457921,24/11/2021,,,Ordonnance,Excès de pouvoir, 2ème chambre
457929,17/11/2021,,,Ordonnance,Excès de pouvoir,Bureau des référés
457961,24/11/2021,,,Ordonnance,Excès de pouvoir, 2ème chambre
457962,24/11/2021,,,Ordonnance,Excès de pouvoir, 2ème chambre
457986,24/11/2021,,QUENNEHEN-TOURBIER,Ordonnance,Excès de pouvoir, 2ème chambre
458046,24/11/2021,,,Ordonnance,Excès de pouvoir, 2ème chambre
458124,22/11/2021,,,Ordonnance,Excès de pouvoir, 2ème chambre
458192,24/11/2021,,,Ordonnance,Plein contentieux, 2ème chambre
458209,24/11/2021,,,Ordonnance,Excès de pouvoir, 2ème chambre
458224,24/11/2021,,,Ordonnance,Excès de pouvoir, 2ème chambre
458248,24/11/2021,,,Ordonnance,Excès de pouvoir, 2ème chambre
458260,24/11/2021,,,Ordonnance,Excès de pouvoir, 2ème chambre
458288,24/11/2021,,,Ordonnance,Plein contentieux, 2ème chambre
458289,24/11/2021,,,Ordonnance,Plein contentieux, 2ème chambre
458348,17/11/2021,,,Ordonnance,Excès de pouvoir,Bureau des référés
458501,23/11/2021,,,Ordonnance,Excès de pouvoir,Section du Contentieux
